{"info":{"_postman_id":"35a1d6e8-0e64-43fa-acb7-57641950d67a","name":"Product","schema":"https://schema.getpostman.com/json/collection/v2.1.0/collection.json"},"item":[{"name":"delete","id":"e1e256c7-78cb-44e5-9d50-85e3b9d51c93","protocolProfileBehavior":{"disableBodyPruning":true},"request":{"method":"GET","header":[]},"response":[]},{"name":"post","id":"fc4adadf-ec3a-41da-8fcd-7a4c0f821c76","protocolProfileBehavior":{"disableBodyPruning":true},"request":{"method":"POST","header":[],"url":{"raw":"http://localhost:8080/product?name=BIC_Amarela&price=10.99&discount=0.29","protocol":"http","host":["localhost"],"port":"8080","path":["product"],"query":[{"key":"name","value":"BIC_Amarela"},{"key":"price","value":"10.99"},{"key":"discount","value":"0.29"}]}},"response":[]},{"name":"getList","id":"c75bf4f9-20c5-45a4-8e14-fc8dea8eef7a","protocolProfileBehavior":{"disableBodyPruning":true},"request":{"method":"GET","header":[],"url":{"raw":"http://localhost:8080/product","protocol":"http","host":["localhost"],"port":"8080","path":["product"]}},"response":[]},{"name":"getByName","id":"364bec77-8a00-464c-9f2b-5a570cba9980","protocolProfileBehavior":{"disableBodyPruning":true},"request":{"method":"GET","header":[],"url":{"raw":"http://localhost:8080/product/word/Amarela","protocol":"http","host":["localhost"],"port":"8080","path":["product","word","Amarela"]}},"response":[]}]}