{"info":{"_postman_id":"b2c1fafb-ae45-448b-9fa0-8204b3adf7d3","name":"MEDICO","schema":"https://schema.getpostman.com/json/collection/v2.1.0/collection.json"},"item":[{"name":"New Request","id":"b1af184d-fa8e-4c25-a3e7-6556d78cf329","protocolProfileBehavior":{"disableBodyPruning":true},"request":{"method":"GET","header":[],"body":{"mode":"raw","raw":"{\n    \"username\": \"PIPBERGER\",\n    \"password\": \"1234demo\"\n}","options":{"raw":{"language":"json"}}},"url":{"raw":"https://sfeat1ui01.medico.cgmdev:8163/api/patientportal","protocol":"https","host":["sfeat1ui01","medico","cgmdev"],"port":"8163","path":["api","patientportal"]}},"response":[]},{"name":"New Request","id":"ed793863-6bef-49e0-ad6e-a14aebd5c5ff","protocolProfileBehavior":{"disableBodyPruning":true,"disabledSystemHeaders":{"accept":true}},"request":{"method":"GET","header":[{"key":"Accept","value":"application/fhir+json","type":"text"}],"url":{"raw":"https://SFEAT1UI01.medico.cgmdev:8133/g3integration/com/cgm/medico/fhir/patientportal/metadata","protocol":"https","host":["SFEAT1UI01","medico","cgmdev"],"port":"8133","path":["g3integration","com","cgm","medico","fhir","patientportal","metadata"],"query":[{"key":"","value":null,"type":"text","disabled":true}]}},"response":[]},{"name":"New Request","id":"64bbed83-8de4-4373-974c-58e10fbe906b","protocolProfileBehavior":{"disableBodyPruning":true},"request":{"method":"GET","header":[],"url":{"raw":"https://sfeat1ui01.medico.cgmdev:8163/api/patientportal/Slot?schedule=Schedule%2FCalendar-PIPAMB&service-type=https%3A%2F%2Fcgm.com%2Ffhir%2Fhis%2Fmedico%2Fdps%2Fsid1%2FServiceType%7CCKONTROLLE&status=free&start=ge2023-11-07T14%3A29%3A53%2B01%3A00&start=le2023-11-21","protocol":"https","host":["sfeat1ui01","medico","cgmdev"],"port":"8163","path":["api","patientportal","Slot"],"query":[{"key":"schedule","value":"Schedule%2FCalendar-PIPAMB"},{"key":"service-type","value":"https%3A%2F%2Fcgm.com%2Ffhir%2Fhis%2Fmedico%2Fdps%2Fsid1%2FServiceType%7CCKONTROLLE"},{"key":"status","value":"free"},{"key":"start","value":"ge2023-11-07T14%3A29%3A53%2B01%3A00"},{"key":"start","value":"le2023-11-21"}]}},"response":[]},{"name":"Login","id":"91d968c9-ff01-44c8-9fa4-3322cf057c52","protocolProfileBehavior":{"disableBodyPruning":true},"request":{"method":"POST","header":[{"key":"Content-Type","value":"application/x-www-form-urlencoded","type":"text"},{"key":"","value":"","type":"text","disabled":true}],"body":{"mode":"urlencoded","urlencoded":[{"key":"grant_type","value":"password","type":"text"},{"key":"username","value":"PIPBERGER","type":"text"},{"key":"password","value":"1234demo","type":"text"}]},"url":{"raw":"https://sfeat1ui01.medico.cgmdev:8141/connect/token","protocol":"https","host":["sfeat1ui01","medico","cgmdev"],"port":"8141","path":["connect","token"],"query":[{"key":"grant_type","value":"password","disabled":true},{"key":"username","value":"PIPBERGER","disabled":true},{"key":"password","value":"1234demo","disabled":true}]}},"response":[]},{"name":"New Request","id":"a1ad51b9-327a-4d9a-afff-fb05ac2b9719","protocolProfileBehavior":{"disableBodyPruning":true},"request":{"method":"GET","header":[]},"response":[]}]}