{"info":{"_postman_id":"dea9ed33-67a0-4768-8d7a-1ea15a3e82a9","name":"New Collection","schema":"https://schema.getpostman.com/json/collection/v2.1.0/collection.json"},"item":[{"name":"Create User","id":"b1963b2a-401d-428f-99a9-3d20f38ef3b5","protocolProfileBehavior":{"disableBodyPruning":true},"request":{"method":"POST","header":[],"body":{"mode":"raw","raw":"{\n    \"username\": \"demostenis\",\n    \"email\": \"demostenis.villar@m.com\",\n    \"password\": \"12345\",\n    \"fullName\": \"Demostenis Villar\",\n    \"phoneNumber\": \"933871092\",\n    \"cpf\": \"05915726488\",\n    \"imageUrl\": \"url\",\n    \"userType\": \"STUDENT\",\n    \"userStatus\": \"ACTIVE\"\n}","options":{"raw":{"language":"json"}}},"url":{"raw":"http://localhost:8087/users","protocol":"http","host":["localhost"],"port":"8087","path":["users"]}},"response":[]},{"name":"GET","id":"ff55c7a9-8b70-4efd-a80c-7bb2953f5211","protocolProfileBehavior":{"disableBodyPruning":true},"request":{"method":"GET","header":[],"url":{"raw":"http://localhost:8087/users/c33134dc-a175-4563-936a-9f4f2f2f9d86","protocol":"http","host":["localhost"],"port":"8087","path":["users","c33134dc-a175-4563-936a-9f4f2f2f9d86"]}},"response":[]},{"name":"PUT","id":"ae640b66-92fb-4ab4-b55e-3f833cadff2d","protocolProfileBehavior":{"disableBodyPruning":true},"request":{"method":"PUT","header":[],"body":{"mode":"raw","raw":"{\n    \"username\": \"demostenis\",\n    \"email\": \"demostenis.villar@m.com\",\n    \"password\": \"12345\",\n    \"fullName\": \"Demostenis Villar Ribeiro\",\n    \"phoneNumber\": \"9338710926\",\n    \"cpf\": \"05915726488\",\n    \"imageUrl\": \"url\",\n    \"userType\": \"STUDENT\",\n    \"userStatus\": \"ACTIVE\"\n}","options":{"raw":{"language":"json"}}},"url":{"raw":"http://localhost:8087/users/554a29b0-4f78-4e5d-9307-b930d55846d4","protocol":"http","host":["localhost"],"port":"8087","path":["users","554a29b0-4f78-4e5d-9307-b930d55846d4"]}},"response":[]},{"name":"RegisterUser","id":"459bf17e-c951-4fbb-bfdc-accd4f34a023","protocolProfileBehavior":{"disableBodyPruning":true},"request":{"method":"POST","header":[{"key":"Content-Type","value":"application/json","type":"default"}],"body":{"mode":"raw","raw":"{\n    \"username\": \"demostenis...\",\n    \"email\": \"demostenis..villar.@m.com\",\n    \"password\": \"12345\",\n    \"fullName\": \"Demostenis Villar Ribeiro\",\n    \"phoneNumber\": \"933871092\",\n    \"cpf\": \"05915726488\",\n    \"imageUrl\": \"url\"\n}","options":{"raw":{"language":"json"}}},"url":{"raw":"http://localhost:8087/auth/signup","protocol":"http","host":["localhost"],"port":"8087","path":["auth","signup"]}},"response":[]},{"name":"GET ALL","id":"c1f71da0-211f-4919-83f3-f7345148b745","protocolProfileBehavior":{"disableBodyPruning":true},"request":{"method":"GET","header":[],"url":{"raw":"http://localhost:8087/users","protocol":"http","host":["localhost"],"port":"8087","path":["users"]}},"response":[]},{"name":"DELETE","id":"377aeaf8-3ddc-4208-9da3-3f148a1a96f9","protocolProfileBehavior":{"disableBodyPruning":true},"request":{"method":"DELETE","header":[],"url":{"raw":"http://localhost:8087/users/c33134dc-a175-4563-936a-9f4f2f2f9d8e","protocol":"http","host":["localhost"],"port":"8087","path":["users","c33134dc-a175-4563-936a-9f4f2f2f9d8e"]}},"response":[]}]}