{"info":{"_postman_id":"014c48a2-f51c-49dd-a40d-e6ef313e7d45","name":"Spring Security","schema":"https://schema.getpostman.com/json/collection/v2.1.0/collection.json"},"item":[{"name":"say-good-bye","id":"1d481c28-d0c3-43f4-aab4-f97167f0f956","protocolProfileBehavior":{"disableBodyPruning":true},"request":{"auth":{"type":"basic","basic":[{"key":"password","value":"a1739dcf-8a3a-4096-9ce9-104197fada64","type":"string"},{"key":"username","value":"user","type":"string"}]},"method":"GET","header":[],"url":{"raw":"http://localhost:8080/api/v1/greetings/say-good-bye","protocol":"http","host":["localhost"],"port":"8080","path":["api","v1","greetings","say-good-bye"]}},"response":[]},{"name":"say-hello","id":"9dd7eb18-d74a-4f4f-a62b-61759272d75d","protocolProfileBehavior":{"disableBodyPruning":true},"request":{"auth":{"type":"basic","basic":[{"key":"password","value":"a1739dcf-8a3a-4096-9ce9-104197fada64","type":"string"},{"key":"username","value":"user","type":"string"}]},"method":"GET","header":[],"url":{"raw":"localhost:8080/api/v1/greetings","host":["localhost"],"port":"8080","path":["api","v1","greetings"]}},"response":[]},{"name":"logout","id":"fdd4d172-6300-44f0-9c63-b3c7c27e23ae","protocolProfileBehavior":{"disableBodyPruning":true},"request":{"method":"GET","header":[],"url":{"raw":"localhost:8080/logout","host":["localhost"],"port":"8080","path":["logout"]}},"response":[]}]}