{"info":{"_postman_id":"06c33269-67cf-4de2-9eb8-3eaddffb7c71","name":"Book Collection","schema":"https://schema.getpostman.com/json/collection/v2.1.0/collection.json"},"item":[{"name":"getAll","id":"3daa2e57-b708-4d58-9666-d018366c7466","protocolProfileBehavior":{"disableBodyPruning":true},"request":{"method":"GET","header":[],"url":{"raw":"http://localhost:8080/books","protocol":"http","host":["localhost"],"port":"8080","path":["books"]}},"response":[]},{"name":"create","id":"1da9b74e-f99d-4eaf-8e33-4c344fdabb6a","protocolProfileBehavior":{"disableBodyPruning":true},"request":{"method":"POST","header":[],"body":{"mode":"raw","raw":"{\n    \"isbn\": \"9487594\",\n    \"isAvailable\": true,\n    \"releasedAt\": \"2024-03-25T10:00:00Z\"\n}","options":{"raw":{"language":"json"}}},"url":{"raw":"http://localhost:8080/books","protocol":"http","host":["localhost"],"port":"8080","path":["books"]}},"response":[]},{"name":"getById","id":"a52b293d-8fd9-4255-a496-8df457ae7690","protocolProfileBehavior":{"disableBodyPruning":true},"request":{"method":"GET","header":[],"url":{"raw":"http://localhost:8080/books/2","protocol":"http","host":["localhost"],"port":"8080","path":["books","2"]}},"response":[]}]}