{"info":{"_postman_id":"1c935724-dbaa-4446-9ad7-3156355d6680","name":"Mdoc","schema":"https://schema.getpostman.com/json/collection/v2.1.0/collection.json"},"item":[{"name":"ms-user","item":[{"name":"person","item":[{"name":"GET by account","id":"abfb8b86-2625-479b-afd0-f2e7cbb2d3ea","protocolProfileBehavior":{"disableBodyPruning":true},"request":{"auth":{"type":"bearer","bearer":[{"key":"token","value":"{{ACCESS_TOKEN}}","type":"string"}]},"method":"GET","header":[],"url":{"raw":"{{url}}/users/v1/users?account=cms","host":["{{url}}"],"path":["users","v1","users"],"query":[{"key":"account","value":"cms"}]}},"response":[]}],"id":"b7c1e5b5-71df-4c2c-b4ee-8df97ffaa80f"}],"id":"3e576818-e325-4b8b-bc9c-8f967429c19a"},{"name":"ms-tenantconfig","item":[{"name":"modules","item":[{"name":"GET Modules by id","id":"1fdc19b1-e618-422b-abb1-1a5691b4f87b","protocolProfileBehavior":{"disableBodyPruning":true},"request":{"auth":{"type":"bearer","bearer":[{"key":"token","value":"{{ACCESS_TOKEN}}","type":"string"}]},"method":"GET","header":[{"key":"authorization","value":"oi","type":"text","disabled":true}],"url":{"raw":"{{tenantconfig_url}}v1/tenant/a577e1b5-fa18-c727-1986-6afb608c2df3/modules","host":["{{tenantconfig_url}}v1"],"path":["tenant","a577e1b5-fa18-c727-1986-6afb608c2df3","modules"]}},"response":[]}],"id":"7a117b6f-d082-4923-b335-f4836a390d6d"}],"id":"65b43774-3186-4289-9e7d-c1977dc37d15"},{"name":"ms-tenantauth","item":[{"name":"roles","item":[{"name":"POST Role","id":"288cb822-00f2-43b8-a695-06d77ac4129f","protocolProfileBehavior":{"disableBodyPruning":true},"request":{"auth":{"type":"bearer","bearer":[{"key":"token","value":"{{ACCESS_TOKEN}}","type":"string"}]},"method":"POST","header":[],"body":{"mode":"raw","raw":"{\n    \"name\": \"Test\"\n}","options":{"raw":{"language":"json"}}},"url":{"raw":"{{tenantauth_url}}v1/roles","host":["{{tenantauth_url}}v1"],"path":["roles"]}},"response":[]},{"name":"GET All","id":"0d895e5e-7277-4fc2-91fd-847fb3733fee","protocolProfileBehavior":{"disableBodyPruning":true},"request":{"auth":{"type":"bearer","bearer":[{"key":"token","value":"{{ACCESS_TOKEN}}","type":"string"}]},"method":"GET","header":[],"url":{"raw":"{{tenantauth_url}}v1/roles","host":["{{tenantauth_url}}v1"],"path":["roles"]}},"response":[]}],"id":"8771a498-d468-48ac-a68b-9a97aa034126"}],"id":"8d51f87a-e09c-4e0b-b9d0-69d2c3c4e09d"}]}