{"info":{"_postman_id":"2165dff5-d551-4180-b2df-b645d632dc7e","name":"Admin","schema":"https://schema.getpostman.com/json/collection/v2.1.0/collection.json"},"item":[{"name":"Promote User","id":"e4494d7a-6e6e-40ce-a039-887161e5dfa7","protocolProfileBehavior":{"disableBodyPruning":true},"request":{"method":"POST","header":[],"url":{"raw":"{{url_base}}{{url_admin}}/promote/:userId","host":["{{url_base}}{{url_admin}}"],"path":["promote",":userId"],"variable":[{"key":"userId","value":"e2a47fab-ecb8-457c-89fa-5fb501d974b1"}]}},"response":[]},{"name":"Revoke User","id":"3d360bf7-a072-42a2-898e-27bd7f9ec678","protocolProfileBehavior":{"disableBodyPruning":true},"request":{"method":"POST","header":[],"url":{"raw":"{{url_base}}{{url_admin}}/revoke/:userId","host":["{{url_base}}{{url_admin}}"],"path":["revoke",":userId"],"variable":[{"key":"userId","value":"e2a47fab-ecb8-457c-89fa-5fb501d974b1"}]}},"response":[]}],"auth":{"type":"bearer","bearer":[{"key":"token","value":"{{user_admin_token}}","type":"string"}]},"event":[{"listen":"prerequest","script":{"id":"41608f0b-4e32-458c-92ba-86706365e76f","type":"text/javascript","packages":{},"exec":["var request = {","    url: pm.environment.get('url_base') + pm.environment.get('url_auth') + '/login',","    method: 'POST',","    header: {","        'Content-Type': 'application/json'","    },","    body: {","        mode: 'raw',","        raw: JSON.stringify({","            email: pm.environment.get('user_admin_email'),","            password: pm.environment.get('user_admin_password')","        })","        ","    }","};","","","pm.sendRequest(request, function (err, response) {","    if(err) {","        console.error(err);","        return;","    }","    ","    if(response.code === 200) {","        var body = response.json();","        pm.environment.set('user_admin_token', body.token);","    } else {","        console.error(response.body);","    }","});"]}},{"listen":"test","script":{"id":"e0ea8274-efb7-4541-b965-8de817279873","type":"text/javascript","packages":{},"exec":[""]}}]}