{"info":{"_postman_id":"301d0cae-36d3-4936-bb73-c75bd0949f88","name":"Spring Restful Web Service","schema":"https://schema.getpostman.com/json/collection/v2.1.0/collection.json"},"item":[{"name":"Greeting","item":[{"name":"Get","id":"13bb678d-6ad0-4bf8-83cc-195583b78a7c","protocolProfileBehavior":{"disableBodyPruning":true},"request":{"method":"GET","header":[],"url":{"raw":"http://localhost:8080/greetings","protocol":"http","host":["localhost"],"port":"8080","path":["greetings"]}},"response":[]},{"name":"Get with name","id":"66554bb7-d4e9-40db-a53a-3a6719d10e62","protocolProfileBehavior":{"disableBodyPruning":true},"request":{"method":"GET","header":[],"url":{"raw":"http://localhost:8080/greetings?name=Demostenis","protocol":"http","host":["localhost"],"port":"8080","path":["greetings"],"query":[{"key":"name","value":"Demostenis","type":"text"}]}},"response":[]}],"id":"2886e57a-10b4-42e0-a2df-e646ad7f6ea0"}]}