{"info":{"_postman_id":"371c6a9d-7a4c-4cee-8998-85cacdb6def8","name":"fhir-interface-scheduler","description":"API provided to manage tenant manager and components\n\nContact Support:\n Name: MDOC\n Email: GEN7@mdoc.one","schema":"https://schema.getpostman.com/json/collection/v2.1.0/collection.json"},"item":[{"name":"Schedule","item":[{"name":"Sync Schedules/Consultation Types by Tenant Context","id":"22a763a8-6e23-4dc7-836f-1418ea3a9a6a","protocolProfileBehavior":{"disableBodyPruning":true},"request":{"auth":{"type":"bearer","bearer":[{"key":"token","value":"{{ACCESS_TOKEN}}","type":"string"}]},"method":"POST","header":[{"key":"async","value":"false"},{"key":"Accept","value":"*/*"}],"url":{"raw":"https://localhost:8201/api/fhir-interface-scheduler/v1/tenants/schedules/sync","protocol":"https","host":["localhost"],"port":"8201","path":["api","fhir-interface-scheduler","v1","tenants","schedules","sync"]}},"response":[{"id":"1f5f39fd-e805-4385-afb9-3d5ce3661f3a","name":"Success","originalRequest":{"method":"POST","header":[{"key":"async","value":"true"},{"description":"Added as a part of security scheme: bearer","key":"Authorization","value":"Bearer <token>"}],"url":{"raw":"{{baseUrl}}/v1/schedules/tenants/sync","host":["{{baseUrl}}"],"path":["v1","schedules","tenants","sync"]}},"status":"OK","code":200,"_postman_previewlanguage":"text","header":[],"cookie":[],"responseTime":null,"body":""},{"id":"cbcd5217-4c68-43e1-bd8a-9522d280fae7","name":"Bad Request","originalRequest":{"method":"POST","header":[{"key":"async","value":"true"},{"key":"Accept","value":"*/*"},{"description":"Added as a part of security scheme: bearer","key":"Authorization","value":"Bearer <token>"}],"url":{"raw":"{{baseUrl}}/v1/schedules/tenants/sync","host":["{{baseUrl}}"],"path":["v1","schedules","tenants","sync"]}},"status":"Bad Request","code":400,"_postman_previewlanguage":"text","header":[{"key":"Content-Type","value":"*/*"}],"cookie":[],"responseTime":null,"body":"{}"},{"id":"87702f62-ec89-4813-b15d-cb015cfed168","name":"Unauthorized","originalRequest":{"method":"POST","header":[{"key":"async","value":"true"},{"key":"Accept","value":"*/*"},{"description":"Added as a part of security scheme: bearer","key":"Authorization","value":"Bearer <token>"}],"url":{"raw":"{{baseUrl}}/v1/schedules/tenants/sync","host":["{{baseUrl}}"],"path":["v1","schedules","tenants","sync"]}},"status":"Unauthorized","code":401,"_postman_previewlanguage":"text","header":[{"key":"Content-Type","value":"*/*"}],"cookie":[],"responseTime":null,"body":"{}"},{"id":"1c009bca-f4ad-4121-83d9-49fae6d846f8","name":"Forbidden","originalRequest":{"method":"POST","header":[{"key":"async","value":"true"},{"key":"Accept","value":"*/*"},{"description":"Added as a part of security scheme: bearer","key":"Authorization","value":"Bearer <token>"}],"url":{"raw":"{{baseUrl}}/v1/schedules/tenants/sync","host":["{{baseUrl}}"],"path":["v1","schedules","tenants","sync"]}},"status":"Forbidden","code":403,"_postman_previewlanguage":"text","header":[{"key":"Content-Type","value":"*/*"}],"cookie":[],"responseTime":null,"body":"{}"},{"id":"1fbec304-34ca-40e3-96d3-8ccb4e9635c4","name":"Not Found","originalRequest":{"method":"POST","header":[{"key":"async","value":"true"},{"key":"Accept","value":"*/*"},{"description":"Added as a part of security scheme: bearer","key":"Authorization","value":"Bearer <token>"}],"url":{"raw":"{{baseUrl}}/v1/schedules/tenants/sync","host":["{{baseUrl}}"],"path":["v1","schedules","tenants","sync"]}},"status":"Not Found","code":404,"_postman_previewlanguage":"text","header":[{"key":"Content-Type","value":"*/*"}],"cookie":[],"responseTime":null,"body":"{}"},{"id":"c6f8b926-7dc0-455d-9107-bb2982fef40f","name":"Conflict","originalRequest":{"method":"POST","header":[{"key":"async","value":"true"},{"key":"Accept","value":"*/*"},{"description":"Added as a part of security scheme: bearer","key":"Authorization","value":"Bearer <token>"}],"url":{"raw":"{{baseUrl}}/v1/schedules/tenants/sync","host":["{{baseUrl}}"],"path":["v1","schedules","tenants","sync"]}},"status":"Conflict","code":409,"_postman_previewlanguage":"text","header":[{"key":"Content-Type","value":"*/*"}],"cookie":[],"responseTime":null,"body":"{}"},{"id":"98efa8c7-bb93-4bd0-837a-cbfcaec494c9","name":"Internal Server Error","originalRequest":{"method":"POST","header":[{"key":"async","value":"true"},{"key":"Accept","value":"*/*"},{"description":"Added as a part of security scheme: bearer","key":"Authorization","value":"Bearer <token>"}],"url":{"raw":"{{baseUrl}}/v1/schedules/tenants/sync","host":["{{baseUrl}}"],"path":["v1","schedules","tenants","sync"]}},"status":"Internal Server Error","code":500,"_postman_previewlanguage":"text","header":[{"key":"Content-Type","value":"*/*"}],"cookie":[],"responseTime":null,"body":"{}"},{"id":"f91ff952-db3d-4ece-a5e3-7549d961f497","name":"Not Implemented","originalRequest":{"method":"POST","header":[{"key":"async","value":"true"},{"key":"Accept","value":"*/*"},{"description":"Added as a part of security scheme: bearer","key":"Authorization","value":"Bearer <token>"}],"url":{"raw":"{{baseUrl}}/v1/schedules/tenants/sync","host":["{{baseUrl}}"],"path":["v1","schedules","tenants","sync"]}},"status":"Not Implemented","code":501,"_postman_previewlanguage":"text","header":[{"key":"Content-Type","value":"*/*"}],"cookie":[],"responseTime":null,"body":"{}"},{"id":"e16ba8e1-3492-464f-a574-ed92889a65dd","name":"Bad Gateway","originalRequest":{"method":"POST","header":[{"key":"async","value":"true"},{"key":"Accept","value":"*/*"},{"description":"Added as a part of security scheme: bearer","key":"Authorization","value":"Bearer <token>"}],"url":{"raw":"{{baseUrl}}/v1/schedules/tenants/sync","host":["{{baseUrl}}"],"path":["v1","schedules","tenants","sync"]}},"status":"Bad Gateway","code":502,"_postman_previewlanguage":"text","header":[{"key":"Content-Type","value":"*/*"}],"cookie":[],"responseTime":null,"body":"{}"},{"id":"8be31d30-106e-4992-b6f1-f58a66e48fd3","name":"Network Authentication Required","originalRequest":{"method":"POST","header":[{"key":"async","value":"true"},{"key":"Accept","value":"*/*"},{"description":"Added as a part of security scheme: bearer","key":"Authorization","value":"Bearer <token>"}],"url":{"raw":"{{baseUrl}}/v1/schedules/tenants/sync","host":["{{baseUrl}}"],"path":["v1","schedules","tenants","sync"]}},"status":"Network Authentication Required","code":511,"_postman_previewlanguage":"text","header":[{"key":"Content-Type","value":"*/*"}],"cookie":[],"responseTime":null,"body":"{}"}]},{"name":"Sync Schedules/Consultation Types by HealthcareService ID","id":"70f6d529-8ceb-4159-93f6-126a5e3b86c2","protocolProfileBehavior":{"disableBodyPruning":true},"request":{"auth":{"type":"bearer","bearer":[{"key":"token","value":"{{ACCESS_TOKEN}}","type":"string"}]},"method":"POST","header":[{"key":"async","value":"false"},{"key":"Accept","value":"*/*"}],"url":{"raw":"http://localhost:8201/api/fhir-interface-scheduler/v1/healthcares/:healthcare-id/schedules/sync","protocol":"http","host":["localhost"],"port":"8201","path":["api","fhir-interface-scheduler","v1","healthcares",":healthcare-id","schedules","sync"],"variable":[{"key":"healthcare-id","value":"42b85304-f9a2-43f4-a0aa-b67f9d77e46e","description":"(Required) "}]}},"response":[{"id":"820f079f-ce32-4402-8928-33c8e242ae31","name":"Success","originalRequest":{"method":"POST","header":[{"key":"async","value":"true"},{"description":"Added as a part of security scheme: bearer","key":"Authorization","value":"Bearer <token>"}],"url":{"raw":"{{baseUrl}}/v1/schedules/healthcares/:healthcare-id/sync","host":["{{baseUrl}}"],"path":["v1","schedules","healthcares",":healthcare-id","sync"],"variable":[{"key":"healthcare-id"}]}},"status":"OK","code":200,"_postman_previewlanguage":"text","header":[],"cookie":[],"responseTime":null,"body":""},{"id":"724367ec-cf8d-47c9-ab14-4816b9cee0a8","name":"Bad Request","originalRequest":{"method":"POST","header":[{"key":"async","value":"true"},{"key":"Accept","value":"*/*"},{"description":"Added as a part of security scheme: bearer","key":"Authorization","value":"Bearer <token>"}],"url":{"raw":"{{baseUrl}}/v1/schedules/healthcares/:healthcare-id/sync","host":["{{baseUrl}}"],"path":["v1","schedules","healthcares",":healthcare-id","sync"],"variable":[{"key":"healthcare-id"}]}},"status":"Bad Request","code":400,"_postman_previewlanguage":"text","header":[{"key":"Content-Type","value":"*/*"}],"cookie":[],"responseTime":null,"body":"{}"},{"id":"5488b74a-c681-4340-9780-53cfb01fcb6a","name":"Unauthorized","originalRequest":{"method":"POST","header":[{"key":"async","value":"true"},{"key":"Accept","value":"*/*"},{"description":"Added as a part of security scheme: bearer","key":"Authorization","value":"Bearer <token>"}],"url":{"raw":"{{baseUrl}}/v1/schedules/healthcares/:healthcare-id/sync","host":["{{baseUrl}}"],"path":["v1","schedules","healthcares",":healthcare-id","sync"],"variable":[{"key":"healthcare-id"}]}},"status":"Unauthorized","code":401,"_postman_previewlanguage":"text","header":[{"key":"Content-Type","value":"*/*"}],"cookie":[],"responseTime":null,"body":"{}"},{"id":"db3f77a9-6943-43cf-8d8f-88886f212ecf","name":"Forbidden","originalRequest":{"method":"POST","header":[{"key":"async","value":"true"},{"key":"Accept","value":"*/*"},{"description":"Added as a part of security scheme: bearer","key":"Authorization","value":"Bearer <token>"}],"url":{"raw":"{{baseUrl}}/v1/schedules/healthcares/:healthcare-id/sync","host":["{{baseUrl}}"],"path":["v1","schedules","healthcares",":healthcare-id","sync"],"variable":[{"key":"healthcare-id"}]}},"status":"Forbidden","code":403,"_postman_previewlanguage":"text","header":[{"key":"Content-Type","value":"*/*"}],"cookie":[],"responseTime":null,"body":"{}"},{"id":"4bf174b3-9ce8-467d-b2f6-8ea5fa2bf13f","name":"Not Found","originalRequest":{"method":"POST","header":[{"key":"async","value":"true"},{"key":"Accept","value":"*/*"},{"description":"Added as a part of security scheme: bearer","key":"Authorization","value":"Bearer <token>"}],"url":{"raw":"{{baseUrl}}/v1/schedules/healthcares/:healthcare-id/sync","host":["{{baseUrl}}"],"path":["v1","schedules","healthcares",":healthcare-id","sync"],"variable":[{"key":"healthcare-id"}]}},"status":"Not Found","code":404,"_postman_previewlanguage":"text","header":[{"key":"Content-Type","value":"*/*"}],"cookie":[],"responseTime":null,"body":"{}"},{"id":"63482e37-cc44-4da8-8642-83d49016de98","name":"Conflict","originalRequest":{"method":"POST","header":[{"key":"async","value":"true"},{"key":"Accept","value":"*/*"},{"description":"Added as a part of security scheme: bearer","key":"Authorization","value":"Bearer <token>"}],"url":{"raw":"{{baseUrl}}/v1/schedules/healthcares/:healthcare-id/sync","host":["{{baseUrl}}"],"path":["v1","schedules","healthcares",":healthcare-id","sync"],"variable":[{"key":"healthcare-id"}]}},"status":"Conflict","code":409,"_postman_previewlanguage":"text","header":[{"key":"Content-Type","value":"*/*"}],"cookie":[],"responseTime":null,"body":"{}"},{"id":"c336fa9c-6ca5-405d-9bc0-db092b4a1303","name":"Internal Server Error","originalRequest":{"method":"POST","header":[{"key":"async","value":"true"},{"key":"Accept","value":"*/*"},{"description":"Added as a part of security scheme: bearer","key":"Authorization","value":"Bearer <token>"}],"url":{"raw":"{{baseUrl}}/v1/schedules/healthcares/:healthcare-id/sync","host":["{{baseUrl}}"],"path":["v1","schedules","healthcares",":healthcare-id","sync"],"variable":[{"key":"healthcare-id"}]}},"status":"Internal Server Error","code":500,"_postman_previewlanguage":"text","header":[{"key":"Content-Type","value":"*/*"}],"cookie":[],"responseTime":null,"body":"{}"},{"id":"f9b60861-7996-408e-b405-b3b3570ff61c","name":"Not Implemented","originalRequest":{"method":"POST","header":[{"key":"async","value":"true"},{"key":"Accept","value":"*/*"},{"description":"Added as a part of security scheme: bearer","key":"Authorization","value":"Bearer <token>"}],"url":{"raw":"{{baseUrl}}/v1/schedules/healthcares/:healthcare-id/sync","host":["{{baseUrl}}"],"path":["v1","schedules","healthcares",":healthcare-id","sync"],"variable":[{"key":"healthcare-id"}]}},"status":"Not Implemented","code":501,"_postman_previewlanguage":"text","header":[{"key":"Content-Type","value":"*/*"}],"cookie":[],"responseTime":null,"body":"{}"},{"id":"8587fc93-75c8-4adb-863e-90fd146557f8","name":"Bad Gateway","originalRequest":{"method":"POST","header":[{"key":"async","value":"true"},{"key":"Accept","value":"*/*"},{"description":"Added as a part of security scheme: bearer","key":"Authorization","value":"Bearer <token>"}],"url":{"raw":"{{baseUrl}}/v1/schedules/healthcares/:healthcare-id/sync","host":["{{baseUrl}}"],"path":["v1","schedules","healthcares",":healthcare-id","sync"],"variable":[{"key":"healthcare-id"}]}},"status":"Bad Gateway","code":502,"_postman_previewlanguage":"text","header":[{"key":"Content-Type","value":"*/*"}],"cookie":[],"responseTime":null,"body":"{}"},{"id":"589f3bc7-737d-431f-a88d-92952ed5b2a2","name":"Network Authentication Required","originalRequest":{"method":"POST","header":[{"key":"async","value":"true"},{"key":"Accept","value":"*/*"},{"description":"Added as a part of security scheme: bearer","key":"Authorization","value":"Bearer <token>"}],"url":{"raw":"{{baseUrl}}/v1/schedules/healthcares/:healthcare-id/sync","host":["{{baseUrl}}"],"path":["v1","schedules","healthcares",":healthcare-id","sync"],"variable":[{"key":"healthcare-id"}]}},"status":"Network Authentication Required","code":511,"_postman_previewlanguage":"text","header":[{"key":"Content-Type","value":"*/*"}],"cookie":[],"responseTime":null,"body":"{}"}]}],"id":"d07b181f-ed4d-42cd-9e0b-9ed83e43ce8f","description":"Everything about your Schedule"},{"name":"Actuator","item":[{"name":"Actuator root web endpoint","id":"0cca1434-0814-4fc2-852a-f6421be4af40","protocolProfileBehavior":{"disableBodyPruning":true},"request":{"method":"GET","header":[{"key":"Accept","value":"application/vnd.spring-boot.actuator.v3+json"}],"url":{"raw":"{{baseUrl}}/actuator","host":["{{baseUrl}}"],"path":["actuator"]}},"response":[{"id":"e0c851a0-2b47-4ce5-b4cc-040723f10c8b","name":"OK","originalRequest":{"method":"GET","header":[{"key":"Accept","value":"application/vnd.spring-boot.actuator.v3+json"},{"description":"Added as a part of security scheme: bearer","key":"Authorization","value":"Bearer <token>"}],"url":{"raw":"{{baseUrl}}/actuator","host":["{{baseUrl}}"],"path":["actuator"]}},"status":"OK","code":200,"_postman_previewlanguage":"json","header":[{"key":"Content-Type","value":"application/json"}],"cookie":[],"responseTime":null,"body":"{\n\t\"Duisb1\": {\n\t\t\"id129\": {\n\t\t\t\"href\": \"<string>\",\n\t\t\t\"templated\": \"<boolean>\"\n\t\t}\n\t},\n\t\"mollit2a6\": {\n\t\t\"utc3\": {\n\t\t\t\"href\": \"<string>\",\n\t\t\t\"templated\": \"<boolean>\"\n\t\t},\n\t\t\"enim_cb_\": {\n\t\t\t\"href\": \"<string>\",\n\t\t\t\"templated\": \"<boolean>\"\n\t\t}\n\t},\n\t\"proident7bc\": {\n\t\t\"et4\": {\n\t\t\t\"href\": \"<string>\",\n\t\t\t\"templated\": \"<boolean>\"\n\t\t}\n\t}\n}"},{"id":"df26c4bf-d673-4ae3-ae66-7fe013f69ed8","name":"Bad Request","originalRequest":{"method":"GET","header":[{"key":"Accept","value":"*/*"},{"description":"Added as a part of security scheme: bearer","key":"Authorization","value":"Bearer <token>"}],"url":{"raw":"{{baseUrl}}/actuator","host":["{{baseUrl}}"],"path":["actuator"]}},"status":"Bad Request","code":400,"_postman_previewlanguage":"text","header":[{"key":"Content-Type","value":"*/*"}],"cookie":[],"responseTime":null,"body":"{}"},{"id":"2775e29a-ec3c-4daf-81d6-a427522573ee","name":"Unauthorized","originalRequest":{"method":"GET","header":[{"key":"Accept","value":"*/*"},{"description":"Added as a part of security scheme: bearer","key":"Authorization","value":"Bearer <token>"}],"url":{"raw":"{{baseUrl}}/actuator","host":["{{baseUrl}}"],"path":["actuator"]}},"status":"Unauthorized","code":401,"_postman_previewlanguage":"text","header":[{"key":"Content-Type","value":"*/*"}],"cookie":[],"responseTime":null,"body":"{}"},{"id":"65f07e33-6cf1-49b8-a7a5-fd96b03c5959","name":"Forbidden","originalRequest":{"method":"GET","header":[{"key":"Accept","value":"*/*"},{"description":"Added as a part of security scheme: bearer","key":"Authorization","value":"Bearer <token>"}],"url":{"raw":"{{baseUrl}}/actuator","host":["{{baseUrl}}"],"path":["actuator"]}},"status":"Forbidden","code":403,"_postman_previewlanguage":"text","header":[{"key":"Content-Type","value":"*/*"}],"cookie":[],"responseTime":null,"body":"{}"},{"id":"812bc092-4b5c-45d6-8a57-3f7adaf466f0","name":"Not Found","originalRequest":{"method":"GET","header":[{"key":"Accept","value":"*/*"},{"description":"Added as a part of security scheme: bearer","key":"Authorization","value":"Bearer <token>"}],"url":{"raw":"{{baseUrl}}/actuator","host":["{{baseUrl}}"],"path":["actuator"]}},"status":"Not Found","code":404,"_postman_previewlanguage":"text","header":[{"key":"Content-Type","value":"*/*"}],"cookie":[],"responseTime":null,"body":"{}"},{"id":"caeeb6e3-d98e-4f92-a970-6e34454212bf","name":"Conflict","originalRequest":{"method":"GET","header":[{"key":"Accept","value":"*/*"},{"description":"Added as a part of security scheme: bearer","key":"Authorization","value":"Bearer <token>"}],"url":{"raw":"{{baseUrl}}/actuator","host":["{{baseUrl}}"],"path":["actuator"]}},"status":"Conflict","code":409,"_postman_previewlanguage":"text","header":[{"key":"Content-Type","value":"*/*"}],"cookie":[],"responseTime":null,"body":"{}"},{"id":"8e81bd2e-f7c3-4930-a3b7-954be202aa01","name":"Internal Server Error","originalRequest":{"method":"GET","header":[{"key":"Accept","value":"*/*"},{"description":"Added as a part of security scheme: bearer","key":"Authorization","value":"Bearer <token>"}],"url":{"raw":"{{baseUrl}}/actuator","host":["{{baseUrl}}"],"path":["actuator"]}},"status":"Internal Server Error","code":500,"_postman_previewlanguage":"text","header":[{"key":"Content-Type","value":"*/*"}],"cookie":[],"responseTime":null,"body":"{}"},{"id":"503b6410-33d5-4867-adcd-b747bf1fb3ea","name":"Not Implemented","originalRequest":{"method":"GET","header":[{"key":"Accept","value":"*/*"},{"description":"Added as a part of security scheme: bearer","key":"Authorization","value":"Bearer <token>"}],"url":{"raw":"{{baseUrl}}/actuator","host":["{{baseUrl}}"],"path":["actuator"]}},"status":"Not Implemented","code":501,"_postman_previewlanguage":"text","header":[{"key":"Content-Type","value":"*/*"}],"cookie":[],"responseTime":null,"body":"{}"},{"id":"08a4d9e8-b2ab-445d-a30b-4de72e1b4e6c","name":"Bad Gateway","originalRequest":{"method":"GET","header":[{"key":"Accept","value":"*/*"},{"description":"Added as a part of security scheme: bearer","key":"Authorization","value":"Bearer <token>"}],"url":{"raw":"{{baseUrl}}/actuator","host":["{{baseUrl}}"],"path":["actuator"]}},"status":"Bad Gateway","code":502,"_postman_previewlanguage":"text","header":[{"key":"Content-Type","value":"*/*"}],"cookie":[],"responseTime":null,"body":"{}"},{"id":"672c5df5-7b62-4f87-ad74-27a9536fbffa","name":"Network Authentication Required","originalRequest":{"method":"GET","header":[{"key":"Accept","value":"*/*"},{"description":"Added as a part of security scheme: bearer","key":"Authorization","value":"Bearer <token>"}],"url":{"raw":"{{baseUrl}}/actuator","host":["{{baseUrl}}"],"path":["actuator"]}},"status":"Network Authentication Required","code":511,"_postman_previewlanguage":"text","header":[{"key":"Content-Type","value":"*/*"}],"cookie":[],"responseTime":null,"body":"{}"}]},{"name":"Actuator web endpoint 'health'","id":"015da863-98f5-44db-8acc-de7f546abd0d","protocolProfileBehavior":{"disableBodyPruning":true},"request":{"method":"GET","header":[{"key":"Accept","value":"application/vnd.spring-boot.actuator.v3+json"}],"url":{"raw":"{{baseUrl}}/actuator/health","host":["{{baseUrl}}"],"path":["actuator","health"]}},"response":[{"id":"75db151e-ea81-488b-83d6-b5fa5f4322e8","name":"OK","originalRequest":{"method":"GET","header":[{"key":"Accept","value":"application/vnd.spring-boot.actuator.v3+json"},{"description":"Added as a part of security scheme: bearer","key":"Authorization","value":"Bearer <token>"}],"url":{"raw":"{{baseUrl}}/actuator/health","host":["{{baseUrl}}"],"path":["actuator","health"]}},"status":"OK","code":200,"_postman_previewlanguage":"json","header":[{"key":"Content-Type","value":"application/json"}],"cookie":[],"responseTime":null,"body":"{}"},{"id":"1d3cb45b-15b7-45dc-b619-77b0d3833a6f","name":"Bad Request","originalRequest":{"method":"GET","header":[{"key":"Accept","value":"*/*"},{"description":"Added as a part of security scheme: bearer","key":"Authorization","value":"Bearer <token>"}],"url":{"raw":"{{baseUrl}}/actuator/health","host":["{{baseUrl}}"],"path":["actuator","health"]}},"status":"Bad Request","code":400,"_postman_previewlanguage":"text","header":[{"key":"Content-Type","value":"*/*"}],"cookie":[],"responseTime":null,"body":"{}"},{"id":"eabbada6-cd7f-4a6e-9cfc-ba7163898dd1","name":"Unauthorized","originalRequest":{"method":"GET","header":[{"key":"Accept","value":"*/*"},{"description":"Added as a part of security scheme: bearer","key":"Authorization","value":"Bearer <token>"}],"url":{"raw":"{{baseUrl}}/actuator/health","host":["{{baseUrl}}"],"path":["actuator","health"]}},"status":"Unauthorized","code":401,"_postman_previewlanguage":"text","header":[{"key":"Content-Type","value":"*/*"}],"cookie":[],"responseTime":null,"body":"{}"},{"id":"228f9c85-fb66-4643-a628-09d07be7f86f","name":"Forbidden","originalRequest":{"method":"GET","header":[{"key":"Accept","value":"*/*"},{"description":"Added as a part of security scheme: bearer","key":"Authorization","value":"Bearer <token>"}],"url":{"raw":"{{baseUrl}}/actuator/health","host":["{{baseUrl}}"],"path":["actuator","health"]}},"status":"Forbidden","code":403,"_postman_previewlanguage":"text","header":[{"key":"Content-Type","value":"*/*"}],"cookie":[],"responseTime":null,"body":"{}"},{"id":"dcf0f85e-5d58-45f6-b1bc-31b2654a25bb","name":"Not Found","originalRequest":{"method":"GET","header":[{"key":"Accept","value":"*/*"},{"description":"Added as a part of security scheme: bearer","key":"Authorization","value":"Bearer <token>"}],"url":{"raw":"{{baseUrl}}/actuator/health","host":["{{baseUrl}}"],"path":["actuator","health"]}},"status":"Not Found","code":404,"_postman_previewlanguage":"text","header":[{"key":"Content-Type","value":"*/*"}],"cookie":[],"responseTime":null,"body":"{}"},{"id":"e86aed4c-ce54-44f6-99f5-d823388e8385","name":"Conflict","originalRequest":{"method":"GET","header":[{"key":"Accept","value":"*/*"},{"description":"Added as a part of security scheme: bearer","key":"Authorization","value":"Bearer <token>"}],"url":{"raw":"{{baseUrl}}/actuator/health","host":["{{baseUrl}}"],"path":["actuator","health"]}},"status":"Conflict","code":409,"_postman_previewlanguage":"text","header":[{"key":"Content-Type","value":"*/*"}],"cookie":[],"responseTime":null,"body":"{}"},{"id":"23a343aa-30dc-470c-a299-ea4147c78b2c","name":"Internal Server Error","originalRequest":{"method":"GET","header":[{"key":"Accept","value":"*/*"},{"description":"Added as a part of security scheme: bearer","key":"Authorization","value":"Bearer <token>"}],"url":{"raw":"{{baseUrl}}/actuator/health","host":["{{baseUrl}}"],"path":["actuator","health"]}},"status":"Internal Server Error","code":500,"_postman_previewlanguage":"text","header":[{"key":"Content-Type","value":"*/*"}],"cookie":[],"responseTime":null,"body":"{}"},{"id":"52e4e49f-6ec6-4469-94d8-73173225aa6e","name":"Not Implemented","originalRequest":{"method":"GET","header":[{"key":"Accept","value":"*/*"},{"description":"Added as a part of security scheme: bearer","key":"Authorization","value":"Bearer <token>"}],"url":{"raw":"{{baseUrl}}/actuator/health","host":["{{baseUrl}}"],"path":["actuator","health"]}},"status":"Not Implemented","code":501,"_postman_previewlanguage":"text","header":[{"key":"Content-Type","value":"*/*"}],"cookie":[],"responseTime":null,"body":"{}"},{"id":"840e347b-4037-4c28-b538-d95a13c8b584","name":"Bad Gateway","originalRequest":{"method":"GET","header":[{"key":"Accept","value":"*/*"},{"description":"Added as a part of security scheme: bearer","key":"Authorization","value":"Bearer <token>"}],"url":{"raw":"{{baseUrl}}/actuator/health","host":["{{baseUrl}}"],"path":["actuator","health"]}},"status":"Bad Gateway","code":502,"_postman_previewlanguage":"text","header":[{"key":"Content-Type","value":"*/*"}],"cookie":[],"responseTime":null,"body":"{}"},{"id":"2b6c74a0-e185-4c11-97e1-6941bbfab785","name":"Network Authentication Required","originalRequest":{"method":"GET","header":[{"key":"Accept","value":"*/*"},{"description":"Added as a part of security scheme: bearer","key":"Authorization","value":"Bearer <token>"}],"url":{"raw":"{{baseUrl}}/actuator/health","host":["{{baseUrl}}"],"path":["actuator","health"]}},"status":"Network Authentication Required","code":511,"_postman_previewlanguage":"text","header":[{"key":"Content-Type","value":"*/*"}],"cookie":[],"responseTime":null,"body":"{}"}]},{"name":"Actuator web endpoint 'health-path'","id":"c80232eb-acca-468b-9e18-0b088e88b953","protocolProfileBehavior":{"disableBodyPruning":true},"request":{"method":"GET","header":[{"key":"Accept","value":"application/vnd.spring-boot.actuator.v3+json"}],"url":{"raw":"{{baseUrl}}/actuator/health/**","host":["{{baseUrl}}"],"path":["actuator","health","**"]}},"response":[{"id":"53f14f6c-748b-49d2-bf22-c023f1f8a1e2","name":"OK","originalRequest":{"method":"GET","header":[{"key":"Accept","value":"application/vnd.spring-boot.actuator.v3+json"},{"description":"Added as a part of security scheme: bearer","key":"Authorization","value":"Bearer <token>"}],"url":{"raw":"{{baseUrl}}/actuator/health/**","host":["{{baseUrl}}"],"path":["actuator","health","**"]}},"status":"OK","code":200,"_postman_previewlanguage":"json","header":[{"key":"Content-Type","value":"application/json"}],"cookie":[],"responseTime":null,"body":"{}"},{"id":"53f02685-e651-4d31-ae52-fd79530b42c0","name":"Bad Request","originalRequest":{"method":"GET","header":[{"key":"Accept","value":"*/*"},{"description":"Added as a part of security scheme: bearer","key":"Authorization","value":"Bearer <token>"}],"url":{"raw":"{{baseUrl}}/actuator/health/**","host":["{{baseUrl}}"],"path":["actuator","health","**"]}},"status":"Bad Request","code":400,"_postman_previewlanguage":"text","header":[{"key":"Content-Type","value":"*/*"}],"cookie":[],"responseTime":null,"body":"{}"},{"id":"06057e6f-2309-479f-b711-56d260e798d1","name":"Unauthorized","originalRequest":{"method":"GET","header":[{"key":"Accept","value":"*/*"},{"description":"Added as a part of security scheme: bearer","key":"Authorization","value":"Bearer <token>"}],"url":{"raw":"{{baseUrl}}/actuator/health/**","host":["{{baseUrl}}"],"path":["actuator","health","**"]}},"status":"Unauthorized","code":401,"_postman_previewlanguage":"text","header":[{"key":"Content-Type","value":"*/*"}],"cookie":[],"responseTime":null,"body":"{}"},{"id":"dad1a519-6adf-4106-a151-7a13fdd6dd0c","name":"Forbidden","originalRequest":{"method":"GET","header":[{"key":"Accept","value":"*/*"},{"description":"Added as a part of security scheme: bearer","key":"Authorization","value":"Bearer <token>"}],"url":{"raw":"{{baseUrl}}/actuator/health/**","host":["{{baseUrl}}"],"path":["actuator","health","**"]}},"status":"Forbidden","code":403,"_postman_previewlanguage":"text","header":[{"key":"Content-Type","value":"*/*"}],"cookie":[],"responseTime":null,"body":"{}"},{"id":"9a8ae29d-7290-4621-a4e9-cb9d687ac9eb","name":"Not Found","originalRequest":{"method":"GET","header":[{"key":"Accept","value":"*/*"},{"description":"Added as a part of security scheme: bearer","key":"Authorization","value":"Bearer <token>"}],"url":{"raw":"{{baseUrl}}/actuator/health/**","host":["{{baseUrl}}"],"path":["actuator","health","**"]}},"status":"Not Found","code":404,"_postman_previewlanguage":"text","header":[{"key":"Content-Type","value":"*/*"}],"cookie":[],"responseTime":null,"body":"{}"},{"id":"42ee42e2-406b-4cea-b674-9644a160a06b","name":"Conflict","originalRequest":{"method":"GET","header":[{"key":"Accept","value":"*/*"},{"description":"Added as a part of security scheme: bearer","key":"Authorization","value":"Bearer <token>"}],"url":{"raw":"{{baseUrl}}/actuator/health/**","host":["{{baseUrl}}"],"path":["actuator","health","**"]}},"status":"Conflict","code":409,"_postman_previewlanguage":"text","header":[{"key":"Content-Type","value":"*/*"}],"cookie":[],"responseTime":null,"body":"{}"},{"id":"6d34ebc5-8f57-46b7-b017-706dedf90178","name":"Internal Server Error","originalRequest":{"method":"GET","header":[{"key":"Accept","value":"*/*"},{"description":"Added as a part of security scheme: bearer","key":"Authorization","value":"Bearer <token>"}],"url":{"raw":"{{baseUrl}}/actuator/health/**","host":["{{baseUrl}}"],"path":["actuator","health","**"]}},"status":"Internal Server Error","code":500,"_postman_previewlanguage":"text","header":[{"key":"Content-Type","value":"*/*"}],"cookie":[],"responseTime":null,"body":"{}"},{"id":"4f9d5e38-649f-401c-8a93-e8455a1ff5f8","name":"Not Implemented","originalRequest":{"method":"GET","header":[{"key":"Accept","value":"*/*"},{"description":"Added as a part of security scheme: bearer","key":"Authorization","value":"Bearer <token>"}],"url":{"raw":"{{baseUrl}}/actuator/health/**","host":["{{baseUrl}}"],"path":["actuator","health","**"]}},"status":"Not Implemented","code":501,"_postman_previewlanguage":"text","header":[{"key":"Content-Type","value":"*/*"}],"cookie":[],"responseTime":null,"body":"{}"},{"id":"a36ae7c1-1e04-49ea-ad5d-103050f48f17","name":"Bad Gateway","originalRequest":{"method":"GET","header":[{"key":"Accept","value":"*/*"},{"description":"Added as a part of security scheme: bearer","key":"Authorization","value":"Bearer <token>"}],"url":{"raw":"{{baseUrl}}/actuator/health/**","host":["{{baseUrl}}"],"path":["actuator","health","**"]}},"status":"Bad Gateway","code":502,"_postman_previewlanguage":"text","header":[{"key":"Content-Type","value":"*/*"}],"cookie":[],"responseTime":null,"body":"{}"},{"id":"a0d2eb5b-db5d-4191-aa01-ed530069958c","name":"Network Authentication Required","originalRequest":{"method":"GET","header":[{"key":"Accept","value":"*/*"},{"description":"Added as a part of security scheme: bearer","key":"Authorization","value":"Bearer <token>"}],"url":{"raw":"{{baseUrl}}/actuator/health/**","host":["{{baseUrl}}"],"path":["actuator","health","**"]}},"status":"Network Authentication Required","code":511,"_postman_previewlanguage":"text","header":[{"key":"Content-Type","value":"*/*"}],"cookie":[],"responseTime":null,"body":"{}"}]}],"id":"22eb1c0c-dde6-4cee-9e41-36556eeaefd3","description":"Monitor and interact"}],"auth":{"type":"bearer","bearer":[{"key":"token","value":"{{bearerToken}}","type":"string"}]},"variable":[{"id":"8a5e6812-11f0-4837-bf53-e57e87c8fec8","key":"baseUrl","value":"https://dev-app.mdoc.one/api/fhir-interface-scheduler"}]}