{"info":{"_postman_id":"4813b266-8092-46ca-8595-c157cd4e51a6","name":"Topico","schema":"https://schema.getpostman.com/json/collection/v2.1.0/collection.json"},"item":[{"name":"getAllTopicos","id":"169f5f88-b9f0-48d9-8b30-eaa7bfda8bbb","protocolProfileBehavior":{"disableBodyPruning":true},"request":{"method":"GET","header":[{"key":"Content-Type","value":"application/json","type":"text"}],"url":{"raw":"http://localhost:8080/topicos?pagina=0&qtd=10&ordenacao=mensagem","protocol":"http","host":["localhost"],"port":"8080","path":["topicos"],"query":[{"key":"pagina","value":"0"},{"key":"qtd","value":"10"},{"key":"ordenacao","value":"mensagem"}]}},"response":[]},{"name":"postTopico","id":"abc95419-e10c-4fe6-9f71-83ad88cd7211","protocolProfileBehavior":{"disableBodyPruning":true},"request":{"method":"POST","header":[{"key":"Content-Type","value":"application/json","type":"text"},{"key":"Accept-Language","value":"pt-BR","type":"text"}],"body":{"mode":"raw","raw":"{\n    \"titulo\": \"Titulo\",\n    \"mensagem\": \"Mensagem de teste\",\n    \"nomeCurso\": \"Spring Boot\"\n}"},"url":{"raw":"http://localhost:8080/topico","protocol":"http","host":["localhost"],"port":"8080","path":["topico"]}},"response":[]},{"name":"getTopicoById","id":"f2230d55-93bb-45a0-9373-67c62817b850","protocolProfileBehavior":{"disableBodyPruning":true},"request":{"method":"GET","header":[],"url":{"raw":"http://localhost:8080/topico/1","protocol":"http","host":["localhost"],"port":"8080","path":["topico","1"]}},"response":[]},{"name":"putTopico","id":"1f97de26-3a61-4f7a-a302-a09f669087e3","protocolProfileBehavior":{"disableBodyPruning":true},"request":{"method":"PUT","header":[{"key":"Content-Type","value":"application/json","type":"text"}],"body":{"mode":"raw","raw":"{\n    \"titulo\": \"Novo titulo\",\n    \"mensagem\": \"Nova mensagem\"\n}"},"url":{"raw":"http://localhost:8080/topico/1","protocol":"http","host":["localhost"],"port":"8080","path":["topico","1"]}},"response":[]},{"name":"deleteTopico","id":"fc56762e-6e86-4ce1-ac4b-fbbb50cb64ad","protocolProfileBehavior":{"disableBodyPruning":true},"request":{"method":"DELETE","header":[{"key":"Content-Type","value":"application/json","type":"text"}],"body":{"mode":"raw","raw":""},"url":{"raw":"http://localhost:8080/topico/1","protocol":"http","host":["localhost"],"port":"8080","path":["topico","1"]}},"response":[]}]}