{"info":{"_postman_id":"6b38f524-8c78-4592-8be4-418f5d231dc7","name":"General Files API","schema":"https://schema.getpostman.com/json/collection/v2.1.0/collection.json"},"item":[{"name":"Actuator","item":[{"name":"Actuator root web endpoint","id":"97e303ad-6fb8-4095-bff7-105b8bf79ef9","protocolProfileBehavior":{"disableBodyPruning":true},"request":{"method":"GET","header":[{"key":"Accept","value":"application/vnd.spring-boot.actuator.v3+json"}],"url":{"raw":"{{baseUrl}}/actuator","host":["{{baseUrl}}"],"path":["actuator"]}},"response":[{"id":"72bf4d29-4bb8-4ff2-ac14-af86d090a7bd","name":"OK","originalRequest":{"method":"GET","header":[{"description":"Added as a part of security scheme: bearer","key":"Authorization","value":"Bearer <token>"}],"url":{"raw":"{{baseUrl}}/actuator","host":["{{baseUrl}}"],"path":["actuator"]}},"status":"OK","code":200,"_postman_previewlanguage":"json","header":[{"key":"Content-Type","value":"application/json"}],"cookie":[],"responseTime":null,"body":"{\n\t\"sunt42d\": {\n\t\t\"voluptate69e\": {\n\t\t\t\"href\": \"consequat tempor proident incididunt\",\n\t\t\t\"templated\": true\n\t\t},\n\t\t\"nostrude\": {\n\t\t\t\"href\": \"nostrud ad\",\n\t\t\t\"templated\": true\n\t\t},\n\t\t\"Duis_95\": {\n\t\t\t\"href\": \"aliquip veniam Lorem pariatur irure\",\n\t\t\t\"templated\": false\n\t\t},\n\t\t\"eiusmod__10\": {\n\t\t\t\"href\": \"adipisicing sit enim\",\n\t\t\t\"templated\": false\n\t\t}\n\t},\n\t\"dolor_9\": {\n\t\t\"nisif8a\": {\n\t\t\t\"href\": \"nostrud quis culpa non adipisicing\",\n\t\t\t\"templated\": true\n\t\t}\n\t}\n}"},{"id":"bc65387a-7af1-496c-95c5-2dac63280437","name":"Bad Request","originalRequest":{"method":"GET","header":[{"description":"Added as a part of security scheme: bearer","key":"Authorization","value":"Bearer <token>"}],"url":{"raw":"{{baseUrl}}/actuator","host":["{{baseUrl}}"],"path":["actuator"]}},"status":"Bad Request","code":400,"_postman_previewlanguage":"text","header":[{"key":"Content-Type","value":"*/*"}],"cookie":[],"responseTime":null,"body":"{}"},{"id":"4e971c20-44e7-443a-9d57-e5a175cdc315","name":"Unauthorized","originalRequest":{"method":"GET","header":[{"description":"Added as a part of security scheme: bearer","key":"Authorization","value":"Bearer <token>"}],"url":{"raw":"{{baseUrl}}/actuator","host":["{{baseUrl}}"],"path":["actuator"]}},"status":"Unauthorized","code":401,"_postman_previewlanguage":"text","header":[{"key":"Content-Type","value":"*/*"}],"cookie":[],"responseTime":null,"body":"{}"},{"id":"819abded-0955-4e89-a06e-21c94d04fb8a","name":"Forbidden","originalRequest":{"method":"GET","header":[{"description":"Added as a part of security scheme: bearer","key":"Authorization","value":"Bearer <token>"}],"url":{"raw":"{{baseUrl}}/actuator","host":["{{baseUrl}}"],"path":["actuator"]}},"status":"Forbidden","code":403,"_postman_previewlanguage":"text","header":[{"key":"Content-Type","value":"*/*"}],"cookie":[],"responseTime":null,"body":"{}"},{"id":"8574b837-5342-4692-ad0e-be13f62874c3","name":"Not Found","originalRequest":{"method":"GET","header":[{"description":"Added as a part of security scheme: bearer","key":"Authorization","value":"Bearer <token>"}],"url":{"raw":"{{baseUrl}}/actuator","host":["{{baseUrl}}"],"path":["actuator"]}},"status":"Not Found","code":404,"_postman_previewlanguage":"text","header":[{"key":"Content-Type","value":"*/*"}],"cookie":[],"responseTime":null,"body":"{}"},{"id":"1a7e3504-9e4a-4b8a-b902-74d248a00fa0","name":"Conflict","originalRequest":{"method":"GET","header":[{"description":"Added as a part of security scheme: bearer","key":"Authorization","value":"Bearer <token>"}],"url":{"raw":"{{baseUrl}}/actuator","host":["{{baseUrl}}"],"path":["actuator"]}},"status":"Conflict","code":409,"_postman_previewlanguage":"text","header":[{"key":"Content-Type","value":"*/*"}],"cookie":[],"responseTime":null,"body":"{}"},{"id":"c51a4488-1ec8-45ba-b34f-189b6b100b50","name":"Internal Server Error","originalRequest":{"method":"GET","header":[{"description":"Added as a part of security scheme: bearer","key":"Authorization","value":"Bearer <token>"}],"url":{"raw":"{{baseUrl}}/actuator","host":["{{baseUrl}}"],"path":["actuator"]}},"status":"Internal Server Error","code":500,"_postman_previewlanguage":"text","header":[{"key":"Content-Type","value":"*/*"}],"cookie":[],"responseTime":null,"body":"{}"},{"id":"79f9e685-8b49-4e18-8024-d1b24ea7c164","name":"Not Implemented","originalRequest":{"method":"GET","header":[{"description":"Added as a part of security scheme: bearer","key":"Authorization","value":"Bearer <token>"}],"url":{"raw":"{{baseUrl}}/actuator","host":["{{baseUrl}}"],"path":["actuator"]}},"status":"Not Implemented","code":501,"_postman_previewlanguage":"text","header":[{"key":"Content-Type","value":"*/*"}],"cookie":[],"responseTime":null,"body":"{}"},{"id":"3a3eedcc-2f5d-4d57-af3c-4e116664db62","name":"Bad Gateway","originalRequest":{"method":"GET","header":[{"description":"Added as a part of security scheme: bearer","key":"Authorization","value":"Bearer <token>"}],"url":{"raw":"{{baseUrl}}/actuator","host":["{{baseUrl}}"],"path":["actuator"]}},"status":"Bad Gateway","code":502,"_postman_previewlanguage":"text","header":[{"key":"Content-Type","value":"*/*"}],"cookie":[],"responseTime":null,"body":"{}"},{"id":"48d012b1-3374-48c5-8109-70f08034f26f","name":"Network Authentication Required","originalRequest":{"method":"GET","header":[{"description":"Added as a part of security scheme: bearer","key":"Authorization","value":"Bearer <token>"}],"url":{"raw":"{{baseUrl}}/actuator","host":["{{baseUrl}}"],"path":["actuator"]}},"status":"Network Authentication Required","code":511,"_postman_previewlanguage":"text","header":[{"key":"Content-Type","value":"*/*"}],"cookie":[],"responseTime":null,"body":"{}"}]},{"name":"Actuator web endpoint 'prometheus'","id":"40df0b35-b0a0-4dcf-ac04-ab70507c7e5d","protocolProfileBehavior":{"disableBodyPruning":true},"request":{"method":"GET","header":[{"key":"Accept","value":"text/plain;version=0.0.4;charset=utf-8"}],"url":{"raw":"{{baseUrl}}/actuator/prometheus","host":["{{baseUrl}}"],"path":["actuator","prometheus"]}},"response":[{"id":"3f2c67dc-46a1-40ff-a747-f53a0abb4052","name":"OK","originalRequest":{"method":"GET","header":[{"description":"Added as a part of security scheme: bearer","key":"Authorization","value":"Bearer <token>"}],"url":{"raw":"{{baseUrl}}/actuator/prometheus","host":["{{baseUrl}}"],"path":["actuator","prometheus"]}},"status":"OK","code":200,"_postman_previewlanguage":"text","header":[{"key":"Content-Type","value":"text/plain;version=0.0.4;charset=utf-8"}],"cookie":[],"responseTime":null,"body":"{}"},{"id":"1fdd67ef-218a-48ae-90fa-e65d32c5d9b5","name":"Bad Request","originalRequest":{"method":"GET","header":[{"description":"Added as a part of security scheme: bearer","key":"Authorization","value":"Bearer <token>"}],"url":{"raw":"{{baseUrl}}/actuator/prometheus","host":["{{baseUrl}}"],"path":["actuator","prometheus"]}},"status":"Bad Request","code":400,"_postman_previewlanguage":"text","header":[{"key":"Content-Type","value":"*/*"}],"cookie":[],"responseTime":null,"body":"{}"},{"id":"9038cffa-6776-4b8b-8103-f265191b7ea7","name":"Unauthorized","originalRequest":{"method":"GET","header":[{"description":"Added as a part of security scheme: bearer","key":"Authorization","value":"Bearer <token>"}],"url":{"raw":"{{baseUrl}}/actuator/prometheus","host":["{{baseUrl}}"],"path":["actuator","prometheus"]}},"status":"Unauthorized","code":401,"_postman_previewlanguage":"text","header":[{"key":"Content-Type","value":"*/*"}],"cookie":[],"responseTime":null,"body":"{}"},{"id":"a966086c-f639-4454-b47f-f5e91bcb7f56","name":"Forbidden","originalRequest":{"method":"GET","header":[{"description":"Added as a part of security scheme: bearer","key":"Authorization","value":"Bearer <token>"}],"url":{"raw":"{{baseUrl}}/actuator/prometheus","host":["{{baseUrl}}"],"path":["actuator","prometheus"]}},"status":"Forbidden","code":403,"_postman_previewlanguage":"text","header":[{"key":"Content-Type","value":"*/*"}],"cookie":[],"responseTime":null,"body":"{}"},{"id":"c5a5b96e-536c-45d8-aab2-999211842e8d","name":"Not Found","originalRequest":{"method":"GET","header":[{"description":"Added as a part of security scheme: bearer","key":"Authorization","value":"Bearer <token>"}],"url":{"raw":"{{baseUrl}}/actuator/prometheus","host":["{{baseUrl}}"],"path":["actuator","prometheus"]}},"status":"Not Found","code":404,"_postman_previewlanguage":"text","header":[{"key":"Content-Type","value":"*/*"}],"cookie":[],"responseTime":null,"body":"{}"},{"id":"94889894-ab36-42a0-bc03-ffa772da1813","name":"Conflict","originalRequest":{"method":"GET","header":[{"description":"Added as a part of security scheme: bearer","key":"Authorization","value":"Bearer <token>"}],"url":{"raw":"{{baseUrl}}/actuator/prometheus","host":["{{baseUrl}}"],"path":["actuator","prometheus"]}},"status":"Conflict","code":409,"_postman_previewlanguage":"text","header":[{"key":"Content-Type","value":"*/*"}],"cookie":[],"responseTime":null,"body":"{}"},{"id":"d8bd9dd4-e6b0-4cc6-8cac-fa7d8e6c7ac1","name":"Internal Server Error","originalRequest":{"method":"GET","header":[{"description":"Added as a part of security scheme: bearer","key":"Authorization","value":"Bearer <token>"}],"url":{"raw":"{{baseUrl}}/actuator/prometheus","host":["{{baseUrl}}"],"path":["actuator","prometheus"]}},"status":"Internal Server Error","code":500,"_postman_previewlanguage":"text","header":[{"key":"Content-Type","value":"*/*"}],"cookie":[],"responseTime":null,"body":"{}"},{"id":"61119f17-fc00-4696-a864-4e5477367239","name":"Not Implemented","originalRequest":{"method":"GET","header":[{"description":"Added as a part of security scheme: bearer","key":"Authorization","value":"Bearer <token>"}],"url":{"raw":"{{baseUrl}}/actuator/prometheus","host":["{{baseUrl}}"],"path":["actuator","prometheus"]}},"status":"Not Implemented","code":501,"_postman_previewlanguage":"text","header":[{"key":"Content-Type","value":"*/*"}],"cookie":[],"responseTime":null,"body":"{}"},{"id":"df462809-7e2b-4137-85fe-7611dc4b5fa0","name":"Bad Gateway","originalRequest":{"method":"GET","header":[{"description":"Added as a part of security scheme: bearer","key":"Authorization","value":"Bearer <token>"}],"url":{"raw":"{{baseUrl}}/actuator/prometheus","host":["{{baseUrl}}"],"path":["actuator","prometheus"]}},"status":"Bad Gateway","code":502,"_postman_previewlanguage":"text","header":[{"key":"Content-Type","value":"*/*"}],"cookie":[],"responseTime":null,"body":"{}"},{"id":"fa4f5f7d-62a9-40c3-ba4f-79f38a30bd2e","name":"Network Authentication Required","originalRequest":{"method":"GET","header":[{"description":"Added as a part of security scheme: bearer","key":"Authorization","value":"Bearer <token>"}],"url":{"raw":"{{baseUrl}}/actuator/prometheus","host":["{{baseUrl}}"],"path":["actuator","prometheus"]}},"status":"Network Authentication Required","code":511,"_postman_previewlanguage":"text","header":[{"key":"Content-Type","value":"*/*"}],"cookie":[],"responseTime":null,"body":"{}"}]},{"name":"Actuator web endpoint 'info'","id":"f5567e1e-057f-4477-81aa-0ab100ae0007","protocolProfileBehavior":{"disableBodyPruning":true},"request":{"method":"GET","header":[{"key":"Accept","value":"application/vnd.spring-boot.actuator.v3+json"}],"url":{"raw":"{{baseUrl}}/actuator/info","host":["{{baseUrl}}"],"path":["actuator","info"]}},"response":[{"id":"2cddedf8-f32b-4fac-8a00-9fbd6f4f1ff8","name":"OK","originalRequest":{"method":"GET","header":[{"description":"Added as a part of security scheme: bearer","key":"Authorization","value":"Bearer <token>"}],"url":{"raw":"{{baseUrl}}/actuator/info","host":["{{baseUrl}}"],"path":["actuator","info"]}},"status":"OK","code":200,"_postman_previewlanguage":"json","header":[{"key":"Content-Type","value":"application/json"}],"cookie":[],"responseTime":null,"body":"{}"},{"id":"37b2f95d-e192-4532-b815-d123a85f285d","name":"Bad Request","originalRequest":{"method":"GET","header":[{"description":"Added as a part of security scheme: bearer","key":"Authorization","value":"Bearer <token>"}],"url":{"raw":"{{baseUrl}}/actuator/info","host":["{{baseUrl}}"],"path":["actuator","info"]}},"status":"Bad Request","code":400,"_postman_previewlanguage":"text","header":[{"key":"Content-Type","value":"*/*"}],"cookie":[],"responseTime":null,"body":"{}"},{"id":"93bbe0bb-81df-48bb-ad20-76434d0f9672","name":"Unauthorized","originalRequest":{"method":"GET","header":[{"description":"Added as a part of security scheme: bearer","key":"Authorization","value":"Bearer <token>"}],"url":{"raw":"{{baseUrl}}/actuator/info","host":["{{baseUrl}}"],"path":["actuator","info"]}},"status":"Unauthorized","code":401,"_postman_previewlanguage":"text","header":[{"key":"Content-Type","value":"*/*"}],"cookie":[],"responseTime":null,"body":"{}"},{"id":"ce32df26-757d-410b-8f9c-0dec7494d9f9","name":"Forbidden","originalRequest":{"method":"GET","header":[{"description":"Added as a part of security scheme: bearer","key":"Authorization","value":"Bearer <token>"}],"url":{"raw":"{{baseUrl}}/actuator/info","host":["{{baseUrl}}"],"path":["actuator","info"]}},"status":"Forbidden","code":403,"_postman_previewlanguage":"text","header":[{"key":"Content-Type","value":"*/*"}],"cookie":[],"responseTime":null,"body":"{}"},{"id":"27841caf-51e0-40b4-8a73-1110015a1a32","name":"Not Found","originalRequest":{"method":"GET","header":[{"description":"Added as a part of security scheme: bearer","key":"Authorization","value":"Bearer <token>"}],"url":{"raw":"{{baseUrl}}/actuator/info","host":["{{baseUrl}}"],"path":["actuator","info"]}},"status":"Not Found","code":404,"_postman_previewlanguage":"text","header":[{"key":"Content-Type","value":"*/*"}],"cookie":[],"responseTime":null,"body":"{}"},{"id":"4f4b55b9-5352-4916-b5c3-a45227db8790","name":"Conflict","originalRequest":{"method":"GET","header":[{"description":"Added as a part of security scheme: bearer","key":"Authorization","value":"Bearer <token>"}],"url":{"raw":"{{baseUrl}}/actuator/info","host":["{{baseUrl}}"],"path":["actuator","info"]}},"status":"Conflict","code":409,"_postman_previewlanguage":"text","header":[{"key":"Content-Type","value":"*/*"}],"cookie":[],"responseTime":null,"body":"{}"},{"id":"ae8c9c14-4e41-4a19-b460-f3ff9cdcbefb","name":"Internal Server Error","originalRequest":{"method":"GET","header":[{"description":"Added as a part of security scheme: bearer","key":"Authorization","value":"Bearer <token>"}],"url":{"raw":"{{baseUrl}}/actuator/info","host":["{{baseUrl}}"],"path":["actuator","info"]}},"status":"Internal Server Error","code":500,"_postman_previewlanguage":"text","header":[{"key":"Content-Type","value":"*/*"}],"cookie":[],"responseTime":null,"body":"{}"},{"id":"d28193d3-9a07-4461-9394-af12df15a570","name":"Not Implemented","originalRequest":{"method":"GET","header":[{"description":"Added as a part of security scheme: bearer","key":"Authorization","value":"Bearer <token>"}],"url":{"raw":"{{baseUrl}}/actuator/info","host":["{{baseUrl}}"],"path":["actuator","info"]}},"status":"Not Implemented","code":501,"_postman_previewlanguage":"text","header":[{"key":"Content-Type","value":"*/*"}],"cookie":[],"responseTime":null,"body":"{}"},{"id":"32086318-ef79-45f2-9b0d-97bd1e5fc24d","name":"Bad Gateway","originalRequest":{"method":"GET","header":[{"description":"Added as a part of security scheme: bearer","key":"Authorization","value":"Bearer <token>"}],"url":{"raw":"{{baseUrl}}/actuator/info","host":["{{baseUrl}}"],"path":["actuator","info"]}},"status":"Bad Gateway","code":502,"_postman_previewlanguage":"text","header":[{"key":"Content-Type","value":"*/*"}],"cookie":[],"responseTime":null,"body":"{}"},{"id":"92640be8-cbca-449e-80de-a301cd166a72","name":"Network Authentication Required","originalRequest":{"method":"GET","header":[{"description":"Added as a part of security scheme: bearer","key":"Authorization","value":"Bearer <token>"}],"url":{"raw":"{{baseUrl}}/actuator/info","host":["{{baseUrl}}"],"path":["actuator","info"]}},"status":"Network Authentication Required","code":511,"_postman_previewlanguage":"text","header":[{"key":"Content-Type","value":"*/*"}],"cookie":[],"responseTime":null,"body":"{}"}]},{"name":"Actuator web endpoint 'health'","id":"8f27823d-945c-441b-bdd1-97435d4bd496","protocolProfileBehavior":{"disableBodyPruning":true},"request":{"method":"GET","header":[{"key":"Accept","value":"application/vnd.spring-boot.actuator.v3+json"}],"url":{"raw":"{{baseUrl}}/actuator/health","host":["{{baseUrl}}"],"path":["actuator","health"]}},"response":[{"id":"0b0764be-e8fb-41bf-9584-f6c69da3e62a","name":"OK","originalRequest":{"method":"GET","header":[{"description":"Added as a part of security scheme: bearer","key":"Authorization","value":"Bearer <token>"}],"url":{"raw":"{{baseUrl}}/actuator/health","host":["{{baseUrl}}"],"path":["actuator","health"]}},"status":"OK","code":200,"_postman_previewlanguage":"json","header":[{"key":"Content-Type","value":"application/json"}],"cookie":[],"responseTime":null,"body":"{}"},{"id":"f5ea6778-3cdc-49ca-b3df-b5495c538028","name":"Bad Request","originalRequest":{"method":"GET","header":[{"description":"Added as a part of security scheme: bearer","key":"Authorization","value":"Bearer <token>"}],"url":{"raw":"{{baseUrl}}/actuator/health","host":["{{baseUrl}}"],"path":["actuator","health"]}},"status":"Bad Request","code":400,"_postman_previewlanguage":"text","header":[{"key":"Content-Type","value":"*/*"}],"cookie":[],"responseTime":null,"body":"{}"},{"id":"8ce3c638-0ebc-4bc9-ab84-284f65e35bc8","name":"Unauthorized","originalRequest":{"method":"GET","header":[{"description":"Added as a part of security scheme: bearer","key":"Authorization","value":"Bearer <token>"}],"url":{"raw":"{{baseUrl}}/actuator/health","host":["{{baseUrl}}"],"path":["actuator","health"]}},"status":"Unauthorized","code":401,"_postman_previewlanguage":"text","header":[{"key":"Content-Type","value":"*/*"}],"cookie":[],"responseTime":null,"body":"{}"},{"id":"d695cd4f-6abe-4101-9910-c2c112ea26ae","name":"Forbidden","originalRequest":{"method":"GET","header":[{"description":"Added as a part of security scheme: bearer","key":"Authorization","value":"Bearer <token>"}],"url":{"raw":"{{baseUrl}}/actuator/health","host":["{{baseUrl}}"],"path":["actuator","health"]}},"status":"Forbidden","code":403,"_postman_previewlanguage":"text","header":[{"key":"Content-Type","value":"*/*"}],"cookie":[],"responseTime":null,"body":"{}"},{"id":"37000e67-7b0c-45c4-84af-02dd63de92cd","name":"Not Found","originalRequest":{"method":"GET","header":[{"description":"Added as a part of security scheme: bearer","key":"Authorization","value":"Bearer <token>"}],"url":{"raw":"{{baseUrl}}/actuator/health","host":["{{baseUrl}}"],"path":["actuator","health"]}},"status":"Not Found","code":404,"_postman_previewlanguage":"text","header":[{"key":"Content-Type","value":"*/*"}],"cookie":[],"responseTime":null,"body":"{}"},{"id":"8f612ab1-e155-4bca-9db4-8e41f6abffd4","name":"Conflict","originalRequest":{"method":"GET","header":[{"description":"Added as a part of security scheme: bearer","key":"Authorization","value":"Bearer <token>"}],"url":{"raw":"{{baseUrl}}/actuator/health","host":["{{baseUrl}}"],"path":["actuator","health"]}},"status":"Conflict","code":409,"_postman_previewlanguage":"text","header":[{"key":"Content-Type","value":"*/*"}],"cookie":[],"responseTime":null,"body":"{}"},{"id":"88c793c6-feaa-4deb-99f5-738e9ceac758","name":"Internal Server Error","originalRequest":{"method":"GET","header":[{"description":"Added as a part of security scheme: bearer","key":"Authorization","value":"Bearer <token>"}],"url":{"raw":"{{baseUrl}}/actuator/health","host":["{{baseUrl}}"],"path":["actuator","health"]}},"status":"Internal Server Error","code":500,"_postman_previewlanguage":"text","header":[{"key":"Content-Type","value":"*/*"}],"cookie":[],"responseTime":null,"body":"{}"},{"id":"ee13f593-9097-45b4-9b3c-9421c5e0d5c7","name":"Not Implemented","originalRequest":{"method":"GET","header":[{"description":"Added as a part of security scheme: bearer","key":"Authorization","value":"Bearer <token>"}],"url":{"raw":"{{baseUrl}}/actuator/health","host":["{{baseUrl}}"],"path":["actuator","health"]}},"status":"Not Implemented","code":501,"_postman_previewlanguage":"text","header":[{"key":"Content-Type","value":"*/*"}],"cookie":[],"responseTime":null,"body":"{}"},{"id":"abc82973-01a6-4066-83c7-f457e75b8db2","name":"Bad Gateway","originalRequest":{"method":"GET","header":[{"description":"Added as a part of security scheme: bearer","key":"Authorization","value":"Bearer <token>"}],"url":{"raw":"{{baseUrl}}/actuator/health","host":["{{baseUrl}}"],"path":["actuator","health"]}},"status":"Bad Gateway","code":502,"_postman_previewlanguage":"text","header":[{"key":"Content-Type","value":"*/*"}],"cookie":[],"responseTime":null,"body":"{}"},{"id":"5f019551-c21c-4f21-aab2-7aebba1e156e","name":"Network Authentication Required","originalRequest":{"method":"GET","header":[{"description":"Added as a part of security scheme: bearer","key":"Authorization","value":"Bearer <token>"}],"url":{"raw":"{{baseUrl}}/actuator/health","host":["{{baseUrl}}"],"path":["actuator","health"]}},"status":"Network Authentication Required","code":511,"_postman_previewlanguage":"text","header":[{"key":"Content-Type","value":"*/*"}],"cookie":[],"responseTime":null,"body":"{}"}]},{"name":"Actuator web endpoint 'health-path'","id":"1488b9ff-ce2d-4490-92cd-faedf0f6a5bb","protocolProfileBehavior":{"disableBodyPruning":true},"request":{"method":"GET","header":[{"key":"Accept","value":"application/vnd.spring-boot.actuator.v3+json"}],"url":{"raw":"{{baseUrl}}/actuator/health/**","host":["{{baseUrl}}"],"path":["actuator","health","**"]}},"response":[{"id":"18c869f4-b7a5-486a-b1a4-d7e07abe7652","name":"OK","originalRequest":{"method":"GET","header":[{"description":"Added as a part of security scheme: bearer","key":"Authorization","value":"Bearer <token>"}],"url":{"raw":"{{baseUrl}}/actuator/health/**","host":["{{baseUrl}}"],"path":["actuator","health","**"]}},"status":"OK","code":200,"_postman_previewlanguage":"json","header":[{"key":"Content-Type","value":"application/json"}],"cookie":[],"responseTime":null,"body":"{}"},{"id":"b7509fe7-ec7c-4e78-b7f2-0d3860035e91","name":"Bad Request","originalRequest":{"method":"GET","header":[{"description":"Added as a part of security scheme: bearer","key":"Authorization","value":"Bearer <token>"}],"url":{"raw":"{{baseUrl}}/actuator/health/**","host":["{{baseUrl}}"],"path":["actuator","health","**"]}},"status":"Bad Request","code":400,"_postman_previewlanguage":"text","header":[{"key":"Content-Type","value":"*/*"}],"cookie":[],"responseTime":null,"body":"{}"},{"id":"fa328199-40b7-477e-895e-34c3a739821e","name":"Unauthorized","originalRequest":{"method":"GET","header":[{"description":"Added as a part of security scheme: bearer","key":"Authorization","value":"Bearer <token>"}],"url":{"raw":"{{baseUrl}}/actuator/health/**","host":["{{baseUrl}}"],"path":["actuator","health","**"]}},"status":"Unauthorized","code":401,"_postman_previewlanguage":"text","header":[{"key":"Content-Type","value":"*/*"}],"cookie":[],"responseTime":null,"body":"{}"},{"id":"a7e7a1c0-2c44-4d0e-86f8-e1359fdd9da3","name":"Forbidden","originalRequest":{"method":"GET","header":[{"description":"Added as a part of security scheme: bearer","key":"Authorization","value":"Bearer <token>"}],"url":{"raw":"{{baseUrl}}/actuator/health/**","host":["{{baseUrl}}"],"path":["actuator","health","**"]}},"status":"Forbidden","code":403,"_postman_previewlanguage":"text","header":[{"key":"Content-Type","value":"*/*"}],"cookie":[],"responseTime":null,"body":"{}"},{"id":"63bbb19a-4a90-4519-b6a4-1a32418fc129","name":"Not Found","originalRequest":{"method":"GET","header":[{"description":"Added as a part of security scheme: bearer","key":"Authorization","value":"Bearer <token>"}],"url":{"raw":"{{baseUrl}}/actuator/health/**","host":["{{baseUrl}}"],"path":["actuator","health","**"]}},"status":"Not Found","code":404,"_postman_previewlanguage":"text","header":[{"key":"Content-Type","value":"*/*"}],"cookie":[],"responseTime":null,"body":"{}"},{"id":"04030ef0-3889-4a2f-bed2-9325490abda5","name":"Conflict","originalRequest":{"method":"GET","header":[{"description":"Added as a part of security scheme: bearer","key":"Authorization","value":"Bearer <token>"}],"url":{"raw":"{{baseUrl}}/actuator/health/**","host":["{{baseUrl}}"],"path":["actuator","health","**"]}},"status":"Conflict","code":409,"_postman_previewlanguage":"text","header":[{"key":"Content-Type","value":"*/*"}],"cookie":[],"responseTime":null,"body":"{}"},{"id":"f04234a4-2227-4aee-b03a-4ff3f8476cef","name":"Internal Server Error","originalRequest":{"method":"GET","header":[{"description":"Added as a part of security scheme: bearer","key":"Authorization","value":"Bearer <token>"}],"url":{"raw":"{{baseUrl}}/actuator/health/**","host":["{{baseUrl}}"],"path":["actuator","health","**"]}},"status":"Internal Server Error","code":500,"_postman_previewlanguage":"text","header":[{"key":"Content-Type","value":"*/*"}],"cookie":[],"responseTime":null,"body":"{}"},{"id":"157700f9-c280-460c-9639-1334e9fba684","name":"Not Implemented","originalRequest":{"method":"GET","header":[{"description":"Added as a part of security scheme: bearer","key":"Authorization","value":"Bearer <token>"}],"url":{"raw":"{{baseUrl}}/actuator/health/**","host":["{{baseUrl}}"],"path":["actuator","health","**"]}},"status":"Not Implemented","code":501,"_postman_previewlanguage":"text","header":[{"key":"Content-Type","value":"*/*"}],"cookie":[],"responseTime":null,"body":"{}"},{"id":"cddf5b65-759a-46f7-ac49-e10d88ac1f29","name":"Bad Gateway","originalRequest":{"method":"GET","header":[{"description":"Added as a part of security scheme: bearer","key":"Authorization","value":"Bearer <token>"}],"url":{"raw":"{{baseUrl}}/actuator/health/**","host":["{{baseUrl}}"],"path":["actuator","health","**"]}},"status":"Bad Gateway","code":502,"_postman_previewlanguage":"text","header":[{"key":"Content-Type","value":"*/*"}],"cookie":[],"responseTime":null,"body":"{}"},{"id":"d93731a0-0ef4-4589-b434-5e07a8d9afda","name":"Network Authentication Required","originalRequest":{"method":"GET","header":[{"description":"Added as a part of security scheme: bearer","key":"Authorization","value":"Bearer <token>"}],"url":{"raw":"{{baseUrl}}/actuator/health/**","host":["{{baseUrl}}"],"path":["actuator","health","**"]}},"status":"Network Authentication Required","code":511,"_postman_previewlanguage":"text","header":[{"key":"Content-Type","value":"*/*"}],"cookie":[],"responseTime":null,"body":"{}"}]}],"id":"cd7e248a-e964-42bc-8c0d-65b47184ba23","description":"Monitor and interact"},{"name":"General","item":[{"name":"Upload new file","id":"4d585ed2-2221-4a86-a4fa-335b7402d9fd","protocolProfileBehavior":{"disableBodyPruning":true},"request":{"method":"POST","header":[{"key":"Content-Type","value":"multipart/form-data"},{"key":"Accept","value":"application/json"}],"body":{"mode":"formdata","formdata":[{"description":"raw file","key":"file","value":"aliquip voluptate id","type":"text"}]},"url":{"raw":"{{baseUrl}}/v2/general/upload","host":["{{baseUrl}}"],"path":["v2","general","upload"]}},"response":[{"id":"76457a7b-ae42-4ca1-9ea5-5b2df5dcee70","name":"Success","originalRequest":{"method":"POST","header":[{"key":"Content-Type","value":"multipart/form-data"},{"description":"Added as a part of security scheme: bearer","key":"Authorization","value":"Bearer <token>"}],"body":{"mode":"formdata","formdata":[{"description":"raw file","key":"file","value":"aliquip voluptate id","type":"text"}]},"url":{"raw":"{{baseUrl}}/v2/general/upload","host":["{{baseUrl}}"],"path":["v2","general","upload"]}},"status":"OK","code":200,"_postman_previewlanguage":"json","header":[{"key":"Content-Type","value":"application/json"}],"cookie":[],"responseTime":null,"body":"{\n\t\"fileName\": \"aliquip sunt Lorem do\"\n}"},{"id":"a20737de-9e2b-4888-97ee-3f613b504772","name":"Bad Request","originalRequest":{"method":"POST","header":[{"key":"Content-Type","value":"multipart/form-data"},{"description":"Added as a part of security scheme: bearer","key":"Authorization","value":"Bearer <token>"}],"body":{"mode":"formdata","formdata":[{"description":"raw file","key":"file","value":"aliquip voluptate id","type":"text"}]},"url":{"raw":"{{baseUrl}}/v2/general/upload","host":["{{baseUrl}}"],"path":["v2","general","upload"]}},"status":"Bad Request","code":400,"_postman_previewlanguage":"text","header":[{"key":"Content-Type","value":"*/*"}],"cookie":[],"responseTime":null,"body":"{}"},{"id":"4f96fd73-93e3-4a7e-9685-516521abe10d","name":"Unauthorized","originalRequest":{"method":"POST","header":[{"key":"Content-Type","value":"multipart/form-data"},{"description":"Added as a part of security scheme: bearer","key":"Authorization","value":"Bearer <token>"}],"body":{"mode":"formdata","formdata":[{"description":"raw file","key":"file","value":"aliquip voluptate id","type":"text"}]},"url":{"raw":"{{baseUrl}}/v2/general/upload","host":["{{baseUrl}}"],"path":["v2","general","upload"]}},"status":"Unauthorized","code":401,"_postman_previewlanguage":"text","header":[{"key":"Content-Type","value":"*/*"}],"cookie":[],"responseTime":null,"body":"{}"},{"id":"470615b6-b945-4510-b9bd-ab54fa653b4e","name":"Forbidden","originalRequest":{"method":"POST","header":[{"key":"Content-Type","value":"multipart/form-data"},{"description":"Added as a part of security scheme: bearer","key":"Authorization","value":"Bearer <token>"}],"body":{"mode":"formdata","formdata":[{"description":"raw file","key":"file","value":"aliquip voluptate id","type":"text"}]},"url":{"raw":"{{baseUrl}}/v2/general/upload","host":["{{baseUrl}}"],"path":["v2","general","upload"]}},"status":"Forbidden","code":403,"_postman_previewlanguage":"text","header":[{"key":"Content-Type","value":"*/*"}],"cookie":[],"responseTime":null,"body":"{}"},{"id":"88d91a91-43b7-431b-a9f8-596d0d1eb613","name":"Not Found","originalRequest":{"method":"POST","header":[{"key":"Content-Type","value":"multipart/form-data"},{"description":"Added as a part of security scheme: bearer","key":"Authorization","value":"Bearer <token>"}],"body":{"mode":"formdata","formdata":[{"description":"raw file","key":"file","value":"aliquip voluptate id","type":"text"}]},"url":{"raw":"{{baseUrl}}/v2/general/upload","host":["{{baseUrl}}"],"path":["v2","general","upload"]}},"status":"Not Found","code":404,"_postman_previewlanguage":"text","header":[{"key":"Content-Type","value":"*/*"}],"cookie":[],"responseTime":null,"body":"{}"},{"id":"1a0598d4-9c11-482f-ad45-7069c2fa1e81","name":"Conflict","originalRequest":{"method":"POST","header":[{"key":"Content-Type","value":"multipart/form-data"},{"description":"Added as a part of security scheme: bearer","key":"Authorization","value":"Bearer <token>"}],"body":{"mode":"formdata","formdata":[{"description":"raw file","key":"file","value":"aliquip voluptate id","type":"text"}]},"url":{"raw":"{{baseUrl}}/v2/general/upload","host":["{{baseUrl}}"],"path":["v2","general","upload"]}},"status":"Conflict","code":409,"_postman_previewlanguage":"text","header":[{"key":"Content-Type","value":"*/*"}],"cookie":[],"responseTime":null,"body":"{}"},{"id":"4b0c27c9-0429-4f0e-a7f0-428e85db7d6d","name":"Internal Server Error","originalRequest":{"method":"POST","header":[{"key":"Content-Type","value":"multipart/form-data"},{"description":"Added as a part of security scheme: bearer","key":"Authorization","value":"Bearer <token>"}],"body":{"mode":"formdata","formdata":[{"description":"raw file","key":"file","value":"aliquip voluptate id","type":"text"}]},"url":{"raw":"{{baseUrl}}/v2/general/upload","host":["{{baseUrl}}"],"path":["v2","general","upload"]}},"status":"Internal Server Error","code":500,"_postman_previewlanguage":"text","header":[{"key":"Content-Type","value":"*/*"}],"cookie":[],"responseTime":null,"body":"{}"},{"id":"a8263213-8c71-4539-a7ec-7a9152d4e420","name":"Not Implemented","originalRequest":{"method":"POST","header":[{"key":"Content-Type","value":"multipart/form-data"},{"description":"Added as a part of security scheme: bearer","key":"Authorization","value":"Bearer <token>"}],"body":{"mode":"formdata","formdata":[{"description":"raw file","key":"file","value":"aliquip voluptate id","type":"text"}]},"url":{"raw":"{{baseUrl}}/v2/general/upload","host":["{{baseUrl}}"],"path":["v2","general","upload"]}},"status":"Not Implemented","code":501,"_postman_previewlanguage":"text","header":[{"key":"Content-Type","value":"*/*"}],"cookie":[],"responseTime":null,"body":"{}"},{"id":"c64a57e1-83ac-4915-a5b8-61a9826839bd","name":"Bad Gateway","originalRequest":{"method":"POST","header":[{"key":"Content-Type","value":"multipart/form-data"},{"description":"Added as a part of security scheme: bearer","key":"Authorization","value":"Bearer <token>"}],"body":{"mode":"formdata","formdata":[{"description":"raw file","key":"file","value":"aliquip voluptate id","type":"text"}]},"url":{"raw":"{{baseUrl}}/v2/general/upload","host":["{{baseUrl}}"],"path":["v2","general","upload"]}},"status":"Bad Gateway","code":502,"_postman_previewlanguage":"text","header":[{"key":"Content-Type","value":"*/*"}],"cookie":[],"responseTime":null,"body":"{}"},{"id":"c1bbf4a1-0676-4f76-a708-7db8d98bce80","name":"Network Authentication Required","originalRequest":{"method":"POST","header":[{"key":"Content-Type","value":"multipart/form-data"},{"description":"Added as a part of security scheme: bearer","key":"Authorization","value":"Bearer <token>"}],"body":{"mode":"formdata","formdata":[{"description":"raw file","key":"file","value":"aliquip voluptate id","type":"text"}]},"url":{"raw":"{{baseUrl}}/v2/general/upload","host":["{{baseUrl}}"],"path":["v2","general","upload"]}},"status":"Network Authentication Required","code":511,"_postman_previewlanguage":"text","header":[{"key":"Content-Type","value":"*/*"}],"cookie":[],"responseTime":null,"body":"{}"}]},{"name":"Upload new file","id":"d3382997-d1e3-4166-8ef1-5a2a5a043b66","protocolProfileBehavior":{"disableBodyPruning":true},"request":{"method":"POST","header":[{"key":"Content-Type","value":"multipart/form-data"},{"key":"Accept","value":"application/json"}],"body":{"mode":"formdata","formdata":[{"description":"raw file","key":"file","value":"aliquip voluptate id","type":"text"}]},"url":{"raw":"{{baseUrl}}/v1/general/upload","host":["{{baseUrl}}"],"path":["v1","general","upload"]}},"response":[{"id":"70e821c3-b45d-496a-b91a-ae6eaa7ff41f","name":"Success","originalRequest":{"method":"POST","header":[{"key":"Content-Type","value":"multipart/form-data"},{"description":"Added as a part of security scheme: bearer","key":"Authorization","value":"Bearer <token>"}],"body":{"mode":"formdata","formdata":[{"description":"raw file","key":"file","value":"aliquip voluptate id","type":"text"}]},"url":{"raw":"{{baseUrl}}/v1/general/upload","host":["{{baseUrl}}"],"path":["v1","general","upload"]}},"status":"OK","code":200,"_postman_previewlanguage":"json","header":[{"key":"Content-Type","value":"application/json"}],"cookie":[],"responseTime":null,"body":"in"},{"id":"72df9f8b-0b7c-40c8-af68-ad4dacfbad1c","name":"Bad Request","originalRequest":{"method":"POST","header":[{"key":"Content-Type","value":"multipart/form-data"},{"description":"Added as a part of security scheme: bearer","key":"Authorization","value":"Bearer <token>"}],"body":{"mode":"formdata","formdata":[{"description":"raw file","key":"file","value":"aliquip voluptate id","type":"text"}]},"url":{"raw":"{{baseUrl}}/v1/general/upload","host":["{{baseUrl}}"],"path":["v1","general","upload"]}},"status":"Bad Request","code":400,"_postman_previewlanguage":"text","header":[{"key":"Content-Type","value":"*/*"}],"cookie":[],"responseTime":null,"body":"{}"},{"id":"2237b35f-c6fc-4fc5-8a2e-2304772148fc","name":"Unauthorized","originalRequest":{"method":"POST","header":[{"key":"Content-Type","value":"multipart/form-data"},{"description":"Added as a part of security scheme: bearer","key":"Authorization","value":"Bearer <token>"}],"body":{"mode":"formdata","formdata":[{"description":"raw file","key":"file","value":"aliquip voluptate id","type":"text"}]},"url":{"raw":"{{baseUrl}}/v1/general/upload","host":["{{baseUrl}}"],"path":["v1","general","upload"]}},"status":"Unauthorized","code":401,"_postman_previewlanguage":"text","header":[{"key":"Content-Type","value":"*/*"}],"cookie":[],"responseTime":null,"body":"{}"},{"id":"d62cec27-dd2e-4e80-9588-1bbc0edea10a","name":"Forbidden","originalRequest":{"method":"POST","header":[{"key":"Content-Type","value":"multipart/form-data"},{"description":"Added as a part of security scheme: bearer","key":"Authorization","value":"Bearer <token>"}],"body":{"mode":"formdata","formdata":[{"description":"raw file","key":"file","value":"aliquip voluptate id","type":"text"}]},"url":{"raw":"{{baseUrl}}/v1/general/upload","host":["{{baseUrl}}"],"path":["v1","general","upload"]}},"status":"Forbidden","code":403,"_postman_previewlanguage":"text","header":[{"key":"Content-Type","value":"*/*"}],"cookie":[],"responseTime":null,"body":"{}"},{"id":"4a319ab2-6f8a-401b-a984-848b3c91cd80","name":"Not Found","originalRequest":{"method":"POST","header":[{"key":"Content-Type","value":"multipart/form-data"},{"description":"Added as a part of security scheme: bearer","key":"Authorization","value":"Bearer <token>"}],"body":{"mode":"formdata","formdata":[{"description":"raw file","key":"file","value":"aliquip voluptate id","type":"text"}]},"url":{"raw":"{{baseUrl}}/v1/general/upload","host":["{{baseUrl}}"],"path":["v1","general","upload"]}},"status":"Not Found","code":404,"_postman_previewlanguage":"text","header":[{"key":"Content-Type","value":"*/*"}],"cookie":[],"responseTime":null,"body":"{}"},{"id":"b8526177-1a13-40ce-80a0-7cc7e343add3","name":"Conflict","originalRequest":{"method":"POST","header":[{"key":"Content-Type","value":"multipart/form-data"},{"description":"Added as a part of security scheme: bearer","key":"Authorization","value":"Bearer <token>"}],"body":{"mode":"formdata","formdata":[{"description":"raw file","key":"file","value":"aliquip voluptate id","type":"text"}]},"url":{"raw":"{{baseUrl}}/v1/general/upload","host":["{{baseUrl}}"],"path":["v1","general","upload"]}},"status":"Conflict","code":409,"_postman_previewlanguage":"text","header":[{"key":"Content-Type","value":"*/*"}],"cookie":[],"responseTime":null,"body":"{}"},{"id":"64567896-3b3d-44a3-91a8-fc5f1e6484e4","name":"Internal Server Error","originalRequest":{"method":"POST","header":[{"key":"Content-Type","value":"multipart/form-data"},{"description":"Added as a part of security scheme: bearer","key":"Authorization","value":"Bearer <token>"}],"body":{"mode":"formdata","formdata":[{"description":"raw file","key":"file","value":"aliquip voluptate id","type":"text"}]},"url":{"raw":"{{baseUrl}}/v1/general/upload","host":["{{baseUrl}}"],"path":["v1","general","upload"]}},"status":"Internal Server Error","code":500,"_postman_previewlanguage":"text","header":[{"key":"Content-Type","value":"*/*"}],"cookie":[],"responseTime":null,"body":"{}"},{"id":"07af268d-ed91-40e0-b672-ecc26d8a3237","name":"Not Implemented","originalRequest":{"method":"POST","header":[{"key":"Content-Type","value":"multipart/form-data"},{"description":"Added as a part of security scheme: bearer","key":"Authorization","value":"Bearer <token>"}],"body":{"mode":"formdata","formdata":[{"description":"raw file","key":"file","value":"aliquip voluptate id","type":"text"}]},"url":{"raw":"{{baseUrl}}/v1/general/upload","host":["{{baseUrl}}"],"path":["v1","general","upload"]}},"status":"Not Implemented","code":501,"_postman_previewlanguage":"text","header":[{"key":"Content-Type","value":"*/*"}],"cookie":[],"responseTime":null,"body":"{}"},{"id":"b088f2af-7a03-4472-9735-261061ead6a5","name":"Bad Gateway","originalRequest":{"method":"POST","header":[{"key":"Content-Type","value":"multipart/form-data"},{"description":"Added as a part of security scheme: bearer","key":"Authorization","value":"Bearer <token>"}],"body":{"mode":"formdata","formdata":[{"description":"raw file","key":"file","value":"aliquip voluptate id","type":"text"}]},"url":{"raw":"{{baseUrl}}/v1/general/upload","host":["{{baseUrl}}"],"path":["v1","general","upload"]}},"status":"Bad Gateway","code":502,"_postman_previewlanguage":"text","header":[{"key":"Content-Type","value":"*/*"}],"cookie":[],"responseTime":null,"body":"{}"},{"id":"1b4f3067-9475-4ff3-82cc-ac644f632d25","name":"Network Authentication Required","originalRequest":{"method":"POST","header":[{"key":"Content-Type","value":"multipart/form-data"},{"description":"Added as a part of security scheme: bearer","key":"Authorization","value":"Bearer <token>"}],"body":{"mode":"formdata","formdata":[{"description":"raw file","key":"file","value":"aliquip voluptate id","type":"text"}]},"url":{"raw":"{{baseUrl}}/v1/general/upload","host":["{{baseUrl}}"],"path":["v1","general","upload"]}},"status":"Network Authentication Required","code":511,"_postman_previewlanguage":"text","header":[{"key":"Content-Type","value":"*/*"}],"cookie":[],"responseTime":null,"body":"{}"}]},{"name":"Download file by name or path","id":"fadc9dd6-4494-4ee8-9bc1-dd5553c12a65","protocolProfileBehavior":{"disableBodyPruning":true},"request":{"method":"GET","header":[{"key":"Accept","value":"multipart/form-data"}],"url":{"raw":"{{baseUrl}}/v1/general/download?file=in&as=RESOURCE","host":["{{baseUrl}}"],"path":["v1","general","download"],"query":[{"description":"(Required) ","key":"file","value":"in"},{"key":"as","value":"RESOURCE"}]}},"response":[{"id":"68c9beff-f605-48d3-b8b3-b2c12ee62cc8","name":"Success","originalRequest":{"method":"GET","header":[{"description":"Added as a part of security scheme: bearer","key":"Authorization","value":"Bearer <token>"}],"url":{"raw":"{{baseUrl}}/v1/general/download?file=in&as=RESOURCE","host":["{{baseUrl}}"],"path":["v1","general","download"],"query":[{"description":"(Required) ","key":"file","value":"in"},{"key":"as","value":"RESOURCE"}]}},"status":"Partial Content","code":206,"_postman_previewlanguage":"text","header":[{"key":"Content-Type","value":"multipart/form-data"}],"cookie":[],"responseTime":null,"body":"{}"},{"id":"6b93b079-6e1c-4d25-92d1-66be8f832166","name":"Bad Request","originalRequest":{"method":"GET","header":[{"description":"Added as a part of security scheme: bearer","key":"Authorization","value":"Bearer <token>"}],"url":{"raw":"{{baseUrl}}/v1/general/download?file=in&as=RESOURCE","host":["{{baseUrl}}"],"path":["v1","general","download"],"query":[{"description":"(Required) ","key":"file","value":"in"},{"key":"as","value":"RESOURCE"}]}},"status":"Bad Request","code":400,"_postman_previewlanguage":"text","header":[{"key":"Content-Type","value":"*/*"}],"cookie":[],"responseTime":null,"body":"{}"},{"id":"d2ff2b99-9e82-46f7-ac80-3db0b6748b5a","name":"Unauthorized","originalRequest":{"method":"GET","header":[{"description":"Added as a part of security scheme: bearer","key":"Authorization","value":"Bearer <token>"}],"url":{"raw":"{{baseUrl}}/v1/general/download?file=in&as=RESOURCE","host":["{{baseUrl}}"],"path":["v1","general","download"],"query":[{"description":"(Required) ","key":"file","value":"in"},{"key":"as","value":"RESOURCE"}]}},"status":"Unauthorized","code":401,"_postman_previewlanguage":"text","header":[{"key":"Content-Type","value":"*/*"}],"cookie":[],"responseTime":null,"body":"{}"},{"id":"2e70bf26-18c0-4943-9e7d-3f34d68c31a3","name":"Forbidden","originalRequest":{"method":"GET","header":[{"description":"Added as a part of security scheme: bearer","key":"Authorization","value":"Bearer <token>"}],"url":{"raw":"{{baseUrl}}/v1/general/download?file=in&as=RESOURCE","host":["{{baseUrl}}"],"path":["v1","general","download"],"query":[{"description":"(Required) ","key":"file","value":"in"},{"key":"as","value":"RESOURCE"}]}},"status":"Forbidden","code":403,"_postman_previewlanguage":"text","header":[{"key":"Content-Type","value":"*/*"}],"cookie":[],"responseTime":null,"body":"{}"},{"id":"5852a81c-adbe-4ad5-b345-4d412ac066e1","name":"Not Found","originalRequest":{"method":"GET","header":[{"description":"Added as a part of security scheme: bearer","key":"Authorization","value":"Bearer <token>"}],"url":{"raw":"{{baseUrl}}/v1/general/download?file=in&as=RESOURCE","host":["{{baseUrl}}"],"path":["v1","general","download"],"query":[{"description":"(Required) ","key":"file","value":"in"},{"key":"as","value":"RESOURCE"}]}},"status":"Not Found","code":404,"_postman_previewlanguage":"text","header":[{"key":"Content-Type","value":"*/*"}],"cookie":[],"responseTime":null,"body":"{}"},{"id":"7f5f763a-4cb7-4904-8c83-ce52548f837d","name":"Conflict","originalRequest":{"method":"GET","header":[{"description":"Added as a part of security scheme: bearer","key":"Authorization","value":"Bearer <token>"}],"url":{"raw":"{{baseUrl}}/v1/general/download?file=in&as=RESOURCE","host":["{{baseUrl}}"],"path":["v1","general","download"],"query":[{"description":"(Required) ","key":"file","value":"in"},{"key":"as","value":"RESOURCE"}]}},"status":"Conflict","code":409,"_postman_previewlanguage":"text","header":[{"key":"Content-Type","value":"*/*"}],"cookie":[],"responseTime":null,"body":"{}"},{"id":"1d8fabdb-4219-4466-a6f2-aed906e61d79","name":"Internal Server Error","originalRequest":{"method":"GET","header":[{"description":"Added as a part of security scheme: bearer","key":"Authorization","value":"Bearer <token>"}],"url":{"raw":"{{baseUrl}}/v1/general/download?file=in&as=RESOURCE","host":["{{baseUrl}}"],"path":["v1","general","download"],"query":[{"description":"(Required) ","key":"file","value":"in"},{"key":"as","value":"RESOURCE"}]}},"status":"Internal Server Error","code":500,"_postman_previewlanguage":"text","header":[{"key":"Content-Type","value":"*/*"}],"cookie":[],"responseTime":null,"body":"{}"},{"id":"4278bcfb-5997-4be1-9546-7419186bfc18","name":"Not Implemented","originalRequest":{"method":"GET","header":[{"description":"Added as a part of security scheme: bearer","key":"Authorization","value":"Bearer <token>"}],"url":{"raw":"{{baseUrl}}/v1/general/download?file=in&as=RESOURCE","host":["{{baseUrl}}"],"path":["v1","general","download"],"query":[{"description":"(Required) ","key":"file","value":"in"},{"key":"as","value":"RESOURCE"}]}},"status":"Not Implemented","code":501,"_postman_previewlanguage":"text","header":[{"key":"Content-Type","value":"*/*"}],"cookie":[],"responseTime":null,"body":"{}"},{"id":"c4c4bf79-f9bf-4d96-ad82-589233a2d08e","name":"Bad Gateway","originalRequest":{"method":"GET","header":[{"description":"Added as a part of security scheme: bearer","key":"Authorization","value":"Bearer <token>"}],"url":{"raw":"{{baseUrl}}/v1/general/download?file=in&as=RESOURCE","host":["{{baseUrl}}"],"path":["v1","general","download"],"query":[{"description":"(Required) ","key":"file","value":"in"},{"key":"as","value":"RESOURCE"}]}},"status":"Bad Gateway","code":502,"_postman_previewlanguage":"text","header":[{"key":"Content-Type","value":"*/*"}],"cookie":[],"responseTime":null,"body":"{}"},{"id":"131c5768-ca9f-4530-beee-f27b16b4d52f","name":"Network Authentication Required","originalRequest":{"method":"GET","header":[{"description":"Added as a part of security scheme: bearer","key":"Authorization","value":"Bearer <token>"}],"url":{"raw":"{{baseUrl}}/v1/general/download?file=in&as=RESOURCE","host":["{{baseUrl}}"],"path":["v1","general","download"],"query":[{"description":"(Required) ","key":"file","value":"in"},{"key":"as","value":"RESOURCE"}]}},"status":"Network Authentication Required","code":511,"_postman_previewlanguage":"text","header":[{"key":"Content-Type","value":"*/*"}],"cookie":[],"responseTime":null,"body":"{}"}]},{"name":"Delete file by name or path","id":"f07ea327-0cf2-45d3-8165-8782b57be364","protocolProfileBehavior":{"disableBodyPruning":true},"request":{"method":"DELETE","header":[{"key":"Accept","value":"multipart/form-data"}],"url":{"raw":"{{baseUrl}}/v1/general/delete?file=in","host":["{{baseUrl}}"],"path":["v1","general","delete"],"query":[{"description":"(Required) ","key":"file","value":"in"}]}},"response":[{"id":"5320b8f2-6449-466e-bb56-35bd2af203ac","name":"Success","originalRequest":{"method":"DELETE","header":[{"description":"Added as a part of security scheme: bearer","key":"Authorization","value":"Bearer <token>"}],"url":{"raw":"{{baseUrl}}/v1/general/delete?file=in","host":["{{baseUrl}}"],"path":["v1","general","delete"],"query":[{"description":"(Required) ","key":"file","value":"in"}]}},"status":"OK","code":200,"_postman_previewlanguage":"text","header":[{"key":"Content-Type","value":"multipart/form-data"}],"cookie":[],"responseTime":null,"body":"{}"},{"id":"0a8513f9-041f-4429-b738-b3b8693e07db","name":"Bad Request","originalRequest":{"method":"DELETE","header":[{"description":"Added as a part of security scheme: bearer","key":"Authorization","value":"Bearer <token>"}],"url":{"raw":"{{baseUrl}}/v1/general/delete?file=in","host":["{{baseUrl}}"],"path":["v1","general","delete"],"query":[{"description":"(Required) ","key":"file","value":"in"}]}},"status":"Bad Request","code":400,"_postman_previewlanguage":"text","header":[{"key":"Content-Type","value":"*/*"}],"cookie":[],"responseTime":null,"body":"{}"},{"id":"e3eaec33-b83f-4d52-ae05-255bff8c93f9","name":"Unauthorized","originalRequest":{"method":"DELETE","header":[{"description":"Added as a part of security scheme: bearer","key":"Authorization","value":"Bearer <token>"}],"url":{"raw":"{{baseUrl}}/v1/general/delete?file=in","host":["{{baseUrl}}"],"path":["v1","general","delete"],"query":[{"description":"(Required) ","key":"file","value":"in"}]}},"status":"Unauthorized","code":401,"_postman_previewlanguage":"text","header":[{"key":"Content-Type","value":"*/*"}],"cookie":[],"responseTime":null,"body":"{}"},{"id":"8f6411be-1475-4bab-a6be-2f9ee8f3116e","name":"Forbidden","originalRequest":{"method":"DELETE","header":[{"description":"Added as a part of security scheme: bearer","key":"Authorization","value":"Bearer <token>"}],"url":{"raw":"{{baseUrl}}/v1/general/delete?file=in","host":["{{baseUrl}}"],"path":["v1","general","delete"],"query":[{"description":"(Required) ","key":"file","value":"in"}]}},"status":"Forbidden","code":403,"_postman_previewlanguage":"text","header":[{"key":"Content-Type","value":"*/*"}],"cookie":[],"responseTime":null,"body":"{}"},{"id":"c5a3931a-dbeb-4c9d-b944-23ee9d6ec327","name":"Not Found","originalRequest":{"method":"DELETE","header":[{"description":"Added as a part of security scheme: bearer","key":"Authorization","value":"Bearer <token>"}],"url":{"raw":"{{baseUrl}}/v1/general/delete?file=in","host":["{{baseUrl}}"],"path":["v1","general","delete"],"query":[{"description":"(Required) ","key":"file","value":"in"}]}},"status":"Not Found","code":404,"_postman_previewlanguage":"text","header":[{"key":"Content-Type","value":"*/*"}],"cookie":[],"responseTime":null,"body":"{}"},{"id":"ee6f5588-335a-4793-b39e-6c5c5ee7b056","name":"Conflict","originalRequest":{"method":"DELETE","header":[{"description":"Added as a part of security scheme: bearer","key":"Authorization","value":"Bearer <token>"}],"url":{"raw":"{{baseUrl}}/v1/general/delete?file=in","host":["{{baseUrl}}"],"path":["v1","general","delete"],"query":[{"description":"(Required) ","key":"file","value":"in"}]}},"status":"Conflict","code":409,"_postman_previewlanguage":"text","header":[{"key":"Content-Type","value":"*/*"}],"cookie":[],"responseTime":null,"body":"{}"},{"id":"6050019b-5b2e-4751-89a4-c81cbb96fcee","name":"Internal Server Error","originalRequest":{"method":"DELETE","header":[{"description":"Added as a part of security scheme: bearer","key":"Authorization","value":"Bearer <token>"}],"url":{"raw":"{{baseUrl}}/v1/general/delete?file=in","host":["{{baseUrl}}"],"path":["v1","general","delete"],"query":[{"description":"(Required) ","key":"file","value":"in"}]}},"status":"Internal Server Error","code":500,"_postman_previewlanguage":"text","header":[{"key":"Content-Type","value":"*/*"}],"cookie":[],"responseTime":null,"body":"{}"},{"id":"4c332b95-68ad-4958-bb25-827e42c8eacb","name":"Not Implemented","originalRequest":{"method":"DELETE","header":[{"description":"Added as a part of security scheme: bearer","key":"Authorization","value":"Bearer <token>"}],"url":{"raw":"{{baseUrl}}/v1/general/delete?file=in","host":["{{baseUrl}}"],"path":["v1","general","delete"],"query":[{"description":"(Required) ","key":"file","value":"in"}]}},"status":"Not Implemented","code":501,"_postman_previewlanguage":"text","header":[{"key":"Content-Type","value":"*/*"}],"cookie":[],"responseTime":null,"body":"{}"},{"id":"5775a14a-68cd-4f7a-a003-6078f5e86dc9","name":"Bad Gateway","originalRequest":{"method":"DELETE","header":[{"description":"Added as a part of security scheme: bearer","key":"Authorization","value":"Bearer <token>"}],"url":{"raw":"{{baseUrl}}/v1/general/delete?file=in","host":["{{baseUrl}}"],"path":["v1","general","delete"],"query":[{"description":"(Required) ","key":"file","value":"in"}]}},"status":"Bad Gateway","code":502,"_postman_previewlanguage":"text","header":[{"key":"Content-Type","value":"*/*"}],"cookie":[],"responseTime":null,"body":"{}"},{"id":"1507c697-82fc-4af2-8b1d-f9d85e523c3c","name":"Network Authentication Required","originalRequest":{"method":"DELETE","header":[{"description":"Added as a part of security scheme: bearer","key":"Authorization","value":"Bearer <token>"}],"url":{"raw":"{{baseUrl}}/v1/general/delete?file=in","host":["{{baseUrl}}"],"path":["v1","general","delete"],"query":[{"description":"(Required) ","key":"file","value":"in"}]}},"status":"Network Authentication Required","code":511,"_postman_previewlanguage":"text","header":[{"key":"Content-Type","value":"*/*"}],"cookie":[],"responseTime":null,"body":"{}"}]}],"id":"a2e28d14-dbd8-402a-877d-cc0dbd62bfad","description":"General storage"}],"auth":{"type":"bearer","bearer":[{"key":"token","value":"{{bearerToken}}","type":"string"}]},"variable":[{"id":"79804dac-5976-4aa4-80c1-3e2071aa9748","key":"baseUrl","value":"https://dev-app.mdoc.one/api/general-files"}]}