{"info":{"_postman_id":"76d3be81-abd4-4e86-a48c-cbf74ce09ff8","name":"Pagamentos","schema":"https://schema.getpostman.com/json/collection/v2.1.0/collection.json"},"item":[{"name":"GET","id":"ed6408c6-4b4a-4d63-bf39-0c5c513db5f6","protocolProfileBehavior":{"disableBodyPruning":true},"request":{"method":"GET","header":[],"url":{"raw":"http://localhost:8080/pagamentos?size=10&page=0","protocol":"http","host":["localhost"],"port":"8080","path":["pagamentos"],"query":[{"key":"size","value":"10","type":"text"},{"key":"page","value":"0","type":"text"},{"key":"sort","value":"DESC","type":"text","disabled":true}]}},"response":[{"id":"8872faf7-131a-4a8f-a346-51530f0ff0ed","name":"GET","originalRequest":{"method":"GET","header":[],"url":{"raw":"http://localhost:8080/pagamentos?size=10&page=0","protocol":"http","host":["localhost"],"port":"8080","path":["pagamentos"],"query":[{"key":"size","value":"10","type":"text"},{"key":"page","value":"0","type":"text"}]}},"_postman_previewlanguage":null,"header":null,"cookie":[],"responseTime":null,"body":"{\n    \"content\": [\n        {\n            \"id\": 1,\n            \"valor\": 12.30,\n            \"nome\": \"Demostenis\",\n            \"numero\": \"93849\",\n            \"expiracao\": \"12/12\",\n            \"codigo\": \"123\",\n            \"status\": \"CRIADO\",\n            \"formaDePagamentoId\": 456,\n            \"pedidoId\": 789\n        },\n        {\n            \"id\": 2,\n            \"valor\": 12.30,\n            \"nome\": \"Demostenis\",\n            \"numero\": \"93849\",\n            \"expiracao\": \"12/12\",\n            \"codigo\": \"123\",\n            \"status\": \"CRIADO\",\n            \"formaDePagamentoId\": 456,\n            \"pedidoId\": 789\n        },\n        {\n            \"id\": 3,\n            \"valor\": 12.30,\n            \"nome\": \"Demostenis\",\n            \"numero\": \"93849\",\n            \"expiracao\": \"12/12\",\n            \"codigo\": \"123\",\n            \"status\": \"CRIADO\",\n            \"formaDePagamentoId\": 456,\n            \"pedidoId\": 789\n        },\n        {\n            \"id\": 4,\n            \"valor\": 12.30,\n            \"nome\": \"Demostenis\",\n            \"numero\": \"93849\",\n            \"expiracao\": \"12/12\",\n            \"codigo\": \"123\",\n            \"status\": \"CRIADO\",\n            \"formaDePagamentoId\": 456,\n            \"pedidoId\": 789\n        },\n        {\n            \"id\": 5,\n            \"valor\": 12.30,\n            \"nome\": \"Demostenis\",\n            \"numero\": \"93849\",\n            \"expiracao\": \"12/12\",\n            \"codigo\": \"123\",\n            \"status\": \"CRIADO\",\n            \"formaDePagamentoId\": 456,\n            \"pedidoId\": 789\n        },\n        {\n            \"id\": 6,\n            \"valor\": 12.30,\n            \"nome\": \"Demostenis\",\n            \"numero\": \"93849\",\n            \"expiracao\": \"12/12\",\n            \"codigo\": \"123\",\n            \"status\": \"CRIADO\",\n            \"formaDePagamentoId\": 456,\n            \"pedidoId\": 789\n        },\n        {\n            \"id\": 7,\n            \"valor\": 12.30,\n            \"nome\": \"Demostenis\",\n            \"numero\": \"93849\",\n            \"expiracao\": \"12/12\",\n            \"codigo\": \"123\",\n            \"status\": \"CRIADO\",\n            \"formaDePagamentoId\": 456,\n            \"pedidoId\": 789\n        },\n        {\n            \"id\": 8,\n            \"valor\": 12.30,\n            \"nome\": \"Demostenis\",\n            \"numero\": \"93849\",\n            \"expiracao\": \"12/12\",\n            \"codigo\": \"123\",\n            \"status\": \"CRIADO\",\n            \"formaDePagamentoId\": 456,\n            \"pedidoId\": 789\n        },\n        {\n            \"id\": 9,\n            \"valor\": 12.30,\n            \"nome\": \"Demostenis\",\n            \"numero\": \"93849\",\n            \"expiracao\": \"12/12\",\n            \"codigo\": \"123\",\n            \"status\": \"CRIADO\",\n            \"formaDePagamentoId\": 456,\n            \"pedidoId\": 789\n        },\n        {\n            \"id\": 10,\n            \"valor\": 12.30,\n            \"nome\": \"Demostenis\",\n            \"numero\": \"93849\",\n            \"expiracao\": \"12/12\",\n            \"codigo\": \"123\",\n            \"status\": \"CRIADO\",\n            \"formaDePagamentoId\": 456,\n            \"pedidoId\": 789\n        }\n    ],\n    \"pageable\": {\n        \"sort\": {\n            \"empty\": true,\n            \"unsorted\": true,\n            \"sorted\": false\n        },\n        \"offset\": 0,\n        \"pageNumber\": 0,\n        \"pageSize\": 10,\n        \"paged\": true,\n        \"unpaged\": false\n    },\n    \"last\": false,\n    \"totalPages\": 2,\n    \"totalElements\": 11,\n    \"first\": true,\n    \"size\": 10,\n    \"number\": 0,\n    \"sort\": {\n        \"empty\": true,\n        \"unsorted\": true,\n        \"sorted\": false\n    },\n    \"numberOfElements\": 10,\n    \"empty\": false\n}"}]},{"name":"POST","id":"75e02fb2-29fd-4a4c-852c-df20f7327588","protocolProfileBehavior":{"disableBodyPruning":true},"request":{"method":"POST","header":[],"body":{"mode":"raw","raw":"{\n    \"valor\": 12.30,\n    \"nome\": \"Demostenis\",\n    \"numero\": \"93849\",\n    \"expiracao\": \"12/12\",\n    \"codigo\": \"123\",\n    \"status\": \"CRIADO\",\n    \"formaDePagamentoId\": 456,\n    \"pedidoId\": 789\n}","options":{"raw":{"language":"json"}}},"url":{"raw":"http://localhost:8080/pagamentos","protocol":"http","host":["localhost"],"port":"8080","path":["pagamentos"]}},"response":[{"id":"e6c1363a-4dd2-4161-b32c-7b58d943e5d4","name":"POST","originalRequest":{"method":"GET","header":[],"body":{"mode":"raw","raw":"{\n    \"valor\": 12.30,\n    \"nome\": \"Demostenis\",\n    \"numero\": \"93849\",\n    \"expiracao\": \"12/12\",\n    \"codigo\": \"123\",\n    \"status\": \"CRIADO\",\n    \"formaDePagamentoId\": 456,\n    \"pedidoId\": 789\n}"},"url":{"raw":"http://localhost:8080/pagamentos","protocol":"http","host":["localhost"],"port":"8080","path":["pagamentos"]}},"_postman_previewlanguage":null,"header":null,"cookie":[],"responseTime":null,"body":"{\n    \"id\": 11,\n    \"valor\": 12.30,\n    \"nome\": \"Demostenis\",\n    \"numero\": \"93849\",\n    \"expiracao\": \"12/12\",\n    \"codigo\": \"123\",\n    \"status\": \"CRIADO\",\n    \"formaDePagamentoId\": 456,\n    \"pedidoId\": 789\n}"}]}]}