{"info":{"_postman_id":"7812572a-b207-48f2-926f-ecbfe8eaf665","name":"Post","schema":"https://schema.getpostman.com/json/collection/v2.1.0/collection.json"},"item":[{"name":"All Posts","event":[{"listen":"test","script":{"id":"064186a7-b51d-4c0b-a1e7-0a75b3fc4db6","exec":["pm.test(\"Status code is 200\", function () {","    pm.response.to.have.status(200);","});","","pm.test(\"Body matches string\", function () {","    pm.expect(pm.response.text()).to.not.be.null;","});"],"type":"text/javascript","packages":{}}}],"id":"2f79e60c-4509-4fb0-906e-84d2fc487c7b","protocolProfileBehavior":{"disableBodyPruning":true},"request":{"method":"GET","header":[],"url":{"raw":"{{url_base}}{{url_post}}","host":["{{url_base}}{{url_post}}"],"query":[{"key":"page","value":"0","disabled":true},{"key":"size","value":"10","disabled":true}]}},"response":[]},{"name":"Get By Id","event":[{"listen":"prerequest","script":{"id":"d24eb32b-cb52-4340-9762-e7e656cd20cb","exec":["pm.sendRequest({","    url: pm.environment.get('url_base') + pm.environment.get('url_post'),","    method: 'GET',","    header: {","        'Content-Type': 'application/json',","        'Authorization': 'Bearer ' + pm.environment.get('user_admin_token')","    }","}, function (err, response) {","    if(err) {","        console.error(err);","        return;","    }","    ","    if(response.code === 200) {","        var firstPost = response.json().content[0];","        let id = firstPost.id;","        pm.environment.set('post_id', id);","    } else {","        console.error(response.body);","    }","});"],"type":"text/javascript","packages":{}}},{"listen":"test","script":{"id":"9cc0f790-b65f-42b2-87c3-3f71eb51e71e","exec":["pm.test(\"Status code is 200\", function () {","    pm.response.to.have.status(200);","});"],"type":"text/javascript","packages":{}}}],"id":"bdb3be04-18ae-4445-bd92-56b6693665c9","protocolProfileBehavior":{"disableBodyPruning":true},"request":{"method":"GET","header":[],"url":{"raw":"{{url_base}}{{url_post}}/:idPost","host":["{{url_base}}{{url_post}}"],"path":[":idPost"],"variable":[{"key":"idPost","value":"{{post_id}}"}]}},"response":[]},{"name":"Create Post","event":[{"listen":"prerequest","script":{"id":"9c2a4e67-f7d4-40c7-a12d-4239997978aa","exec":["var post = {","    title: \"This self-transforming Megatron is as badass as it is expensive\",","    content: \"Three years later, Hasbro’s self-transforming, dancing, driving, talking, and attacking Optimus Prime finally has a villain to fight. Megatron, the leader of the Decepticons, is about to arrive. For $1,200 — $899 through May 25th — its robot partner Robosen has created what could be the best auto-converting Transformer yet.\",","    categories: ['TECHNOLOGY']","};","","pm.environment.set('body_post_request', JSON.stringify(post));"],"type":"text/javascript","packages":{}}}],"id":"ca1a9d93-822e-417a-a303-da6215eb150d","protocolProfileBehavior":{"disableBodyPruning":true},"request":{"method":"POST","header":[],"body":{"mode":"raw","raw":"{{body_post_request}}","options":{"raw":{"language":"json"}}},"url":{"raw":"{{url_base}}{{url_post}}","host":["{{url_base}}{{url_post}}"]}},"response":[]},{"name":"Update Post","event":[{"listen":"prerequest","script":{"id":"5ebb8adc-c363-4df0-bed3-a35e1feb6fc9","exec":["pm.sendRequest({","    url: pm.environment.get('url_base') + pm.environment.get('url_post'),","    method: 'GET',","    header: {","        'Content-Type': 'application/json',","        'Authorization': 'Bearer ' + pm.environment.get('user_admin_token')","    }","}, function (err, response) {","    if(err) {","        console.error(err);","        return;","    }","    ","    if(response.code === 200) {","        var firstPost = response.json().content[0];","        let id = firstPost.id;","        let title = firstPost.title;","        title += ' Updated';","        firstPost.title = title;","        pm.environment.set('post_id', id);","        pm.environment.set('body_post_request', JSON.stringify(firstPost));","    } else {","        console.error(response.body);","    }","});"],"type":"text/javascript","packages":{}}}],"id":"2cd76d72-8d87-4910-8219-00add720e07e","protocolProfileBehavior":{"disableBodyPruning":true},"request":{"method":"PUT","header":[],"body":{"mode":"raw","raw":"{{body_post_request}}","options":{"raw":{"language":"json"}}},"url":{"raw":"{{url_base}}{{url_post}}/:idPost","host":["{{url_base}}{{url_post}}"],"path":[":idPost"],"variable":[{"key":"idPost","value":"{{post_id}}"}]}},"response":[]},{"name":"Delete By Id","event":[{"listen":"prerequest","script":{"id":"04e94c08-0dd2-4e7c-b7c1-60886b38121c","exec":["pm.sendRequest({","    url: pm.environment.get('url_base') + pm.environment.get('url_post'),","    method: 'GET',","    header: {","        'Content-Type': 'application/json',","        'Authorization': 'Bearer ' + pm.environment.get('user_admin_token')","    }","}, function (err, response) {","    if(err) {","        console.error(err);","        return;","    }","    ","    if(response.code === 200) {","        var firstPost = response.json().content[0];","        let id = firstPost.id;","        pm.environment.set('post_id', id);","    } else {","        console.error(response.body);","    }","});"],"type":"text/javascript","packages":{}}},{"listen":"test","script":{"id":"6e6e1763-bf46-4f37-90cb-9f6e79b33380","exec":["pm.test(\"Status code is 204\", function () {","    pm.response.to.have.status(204);","});","","pm.test(\"Body matches string\", function () {","    pm.expect(pm.response.text()).to.be.null;","});"],"type":"text/javascript","packages":{}}}],"id":"7779ed44-35ea-46c7-9657-556c4851fdb1","protocolProfileBehavior":{"disableBodyPruning":true},"request":{"method":"DELETE","header":[],"url":{"raw":"{{url_base}}{{url_post}}/:idPost","host":["{{url_base}}{{url_post}}"],"path":[":idPost"],"variable":[{"key":"idPost","value":"{{post_id}}"}]}},"response":[]}],"auth":{"type":"bearer","bearer":[{"key":"token","value":"{{user_admin_token}}","type":"string"}]},"event":[{"listen":"prerequest","script":{"id":"c8565662-367b-49e4-abae-8fd979fc61e8","type":"text/javascript","packages":{},"exec":["var request = {","    url: pm.environment.get('url_base') + pm.environment.get('url_auth') + '/login',","    method: 'POST',","    header: {","        'Content-Type': 'application/json'","    },","    body: {","        mode: 'raw',","        raw: JSON.stringify({","            email: pm.environment.get('user_admin_email'),","            password: pm.environment.get('user_admin_password')","        })","        ","    }","};","","","pm.sendRequest(request, function (err, response) {","    if(err) {","        console.error(err);","        return;","    }","    ","    if(response.code === 200) {","        var body = response.json();","        pm.environment.set('user_admin_token', body.token);","    } else {","        console.error(response.body);","    }","});"]}},{"listen":"test","script":{"id":"09cbe9e5-1019-47df-a1ea-da1697ec8a03","type":"text/javascript","packages":{},"exec":[""]}}]}