{"info":{"_postman_id":"9fa4cc1f-8179-4061-a194-68f954ecc042","name":"IntegrationsV2","schema":"https://schema.getpostman.com/json/collection/v2.1.0/collection.json"},"item":[{"name":"Login","event":[{"listen":"test","script":{"exec":["pm.test(\"Status code is 200\", function () {","    pm.response.to.have.status(200);","});","","pm.globals.set(\"token\", pm.response.json().token);"],"type":"text/javascript","id":"d6f46e40-2eeb-470a-8dc8-d8d5b8e5509d"}},{"listen":"prerequest","script":{"exec":[""],"type":"text/javascript","id":"292b96d9-7783-4e6a-a253-6f62f3e32222"}}],"id":"e1685f91-7711-47e0-a68c-46d7cf4c30ab","protocolProfileBehavior":{"disableBodyPruning":true},"request":{"auth":{"type":"noauth"},"method":"POST","header":[],"body":{"mode":"raw","raw":"{\n    \"username\": \"{{username}}\",\n    \"password\": \"{{password}}\",\n    \"tenant\": \"{{tenant}}\"\n}","options":{"raw":{"language":"json"}}},"url":{"raw":"{{urlLogin}}","host":["{{urlLogin}}"]}},"response":[]},{"name":"Create Patient","event":[{"listen":"prerequest","script":{"id":"f8c0c3d7-26b5-401c-8031-adc3c1cd06a2","exec":["var uuid = require('uuid');","","pm.globals.set(\"patient.address.city\", \"Lisbon\" );","pm.globals.set(\"patient.address.country\",\"PT\" );","pm.globals.set(\"patient.address.type\", \"PRIMARY\" );","pm.globals.set(\"patient.address.zipCode\", \"1000-000\" );","pm.globals.set(\"patient.address.street\", uuid.v4() );","","pm.globals.set(\"patient.phone.number\", \"000000000\" );","pm.globals.set(\"patient.phone.type\", \"TELEPHONE\" );","","pm.globals.set(\"patient.externalId\", uuid.v4() );","pm.globals.set(\"patient.externalUniqueId\", uuid.v4() );","pm.globals.set(\"patient.firstName\", uuid.v4() );","pm.globals.set(\"patient.lastName\", uuid.v4() );","pm.globals.set(\"patient.email\", uuid.v4() + \"@gmail.com\" );","pm.globals.set(\"patient.username\", uuid.v4() );","pm.globals.set(\"patient.gender\", \"M\" );","pm.globals.set(\"patient.dob\", 647438400 );","pm.globals.set(\"patient.birthDate\", \"1990-07-08\" );","","","",""],"type":"text/javascript","packages":{}}},{"listen":"test","script":{"id":"deb88ae7-909f-4949-950e-95b5e0e21a93","exec":["pm.globals.set(\"patient.id\", pm.response.json().patientId);","pm.globals.set(\"person.id\", pm.response.json().personId);","","pm.test(\"Status code is 201\", function () {","    pm.response.to.have.status(201);","});","","","pm.test(\"Valid response\", function () {","    const response = pm.response.json();","","    pm.expect(response.firstName).to.eql(pm.globals.get(\"patient.firstName\"));","    pm.expect(response.lastName).to.eql( pm.globals.get(\"patient.lastName\"));","    pm.expect(response.externalUniqueId).to.eql( pm.globals.get(\"patient.externalUniqueId\"));","    pm.expect(response.externalId).to.eql(pm.globals.get(\"patient.externalId\"));","    pm.expect(response.email).to.eql(pm.globals.get(\"patient.email\"));","    pm.expect(response.username).to.eql( pm.globals.get(\"patient.username\"));","    pm.expect(response.dob).to.eql(pm.globals.get(\"patient.dob\"));","    pm.expect(response.gender).to.eql(pm.globals.get(\"patient.gender\"));","","    pm.expect(response.addresses[0].city).to.eql(pm.globals.get(\"patient.address.city\"))","    pm.expect(response.addresses[0].zipCode).to.eql(pm.globals.get(\"patient.address.zipCode\"))","    pm.expect(response.addresses[0].street).to.eql(pm.globals.get(\"patient.address.street\"))","    pm.expect(response.addresses[0].countryCode).to.eql(pm.globals.get(\"patient.address.country\"))","    pm.expect(response.addresses[0].type).to.eql(pm.globals.get(\"patient.address.type\"))","","    pm.expect(response.phones[0].type).to.eql(pm.globals.get(\"patient.phone.type\"))","    pm.expect(response.phones[0].number).to.eql(pm.globals.get(\"patient.phone.number\"))","","//    pm.expect(response.userType).to.eql(\"PATIENT\");","    ","    ","});",""],"type":"text/javascript","packages":{}}}],"id":"b85e9134-147d-4d72-85b4-613f34ee910c","protocolProfileBehavior":{"disableBodyPruning":true},"request":{"auth":{"type":"bearer","bearer":[{"key":"token","value":"{{token}}","type":"string"}]},"method":"POST","header":[],"body":{"mode":"raw","raw":"{\n    \"firstName\": \"{{patient.firstName}}\",\n    \"lastName\": \"{{patient.lastName}}\",\n    \"externalUniqueId\": \"{{patient.externalUniqueId}}\",\n    \"externalId\": \"{{patient.externalId}}\",\n    \"email\": \"{{patient.email}}\",\n    \"username\": \"{{patient.username}}\",\n    \"dob\": {{patient.dob}},\n    \"gender\": \"{{patient.gender}}\",\n    \"addresses\": [\n        {\n            \"city\": \"{{patient.address.city}}\",\n            \"zipCode\": \"{{patient.address.zipCode}}\",\n            \"street\": \"{{patient.address.street}}\",\n            \"countryCode\": \"{{patient.address.country}}\",\n            \"type\": \"{{patient.address.type}}\"\n        }\n    ],\n    \"phones\": [\n        {\n            \"type\": \"{{patient.phone.type}}\",\n            \"number\": \"{{patient.phone.number}}\"\n        }\n    ],\n    \"userType\": \"PATIENT\"\n}","options":{"raw":{"language":"json"}}},"url":{"raw":"{{url_integration}}/integrations/v2/patient","host":["{{url_integration}}"],"path":["integrations","v2","patient"]}},"response":[]},{"name":"Get Patient By ID","event":[{"listen":"test","script":{"exec":["pm.test(\"Status code is 200\", function () {","    pm.response.to.have.status(200);","});","","","pm.test(\"Valid response\", function () {","    const response = pm.response.json();","","","","","    pm.expect(response.firstName).to.eql(pm.globals.get(\"patient.firstName\"));","    pm.expect(response.lastName).to.eql( pm.globals.get(\"patient.lastName\"));","    pm.expect(response.externalUniqueId).to.eql( pm.globals.get(\"patient.externalUniqueId\"));","    pm.expect(response.externalId).to.eql(pm.globals.get(\"patient.externalId\"));","    pm.expect(response.email).to.eql(pm.globals.get(\"patient.email\"));","    pm.expect(response.username).to.eql( pm.globals.get(\"patient.username\"));","    pm.expect(response.birthDate).to.eql(pm.globals.get(\"patient.birthDate\"));","    pm.expect(response.gender).to.eql(pm.globals.get(\"patient.gender\"));","","    pm.expect(response.addresses[0].city).to.eql(pm.globals.get(\"patient.address.city\"))","    pm.expect(response.addresses[0].postalCode).to.eql(pm.globals.get(\"patient.address.zipCode\"))","    pm.expect(response.addresses[0].street).to.eql(pm.globals.get(\"patient.address.street\"))","    pm.expect(response.addresses[0].addressType).to.eql(\"HOME\")","","    pm.expect(response.phones[0].type).to.eql(pm.globals.get(\"patient.phone.type\"))","    pm.expect(response.phones[0].phoneNumber).to.eql(pm.globals.get(\"patient.phone.number\"))","","    ","});"],"type":"text/javascript","id":"9904b388-d9a0-4ef6-ae3b-03eaac98a705"}}],"id":"e9354356-d962-47f2-8b9d-08d3cd44f268","protocolProfileBehavior":{"disableBodyPruning":true},"request":{"auth":{"type":"bearer","bearer":[{"key":"token","value":"{{token}}","type":"string"}]},"method":"GET","header":[],"url":{"raw":"{{urlEnviroment}}/patients/v1/patients/:patientID","host":["{{urlEnviroment}}"],"path":["patients","v1","patients",":patientID"],"variable":[{"id":"e74f9f96-6f7b-46ed-b67f-1524e1cee307","key":"patientID","value":"{{patient.id}}"}]}},"response":[]},{"name":"Update Patient","event":[{"listen":"prerequest","script":{"id":"1c1d7977-4f05-495d-b19e-a3fafd49f62f","exec":["var uuid = require('uuid');","","pm.globals.set(\"patient.address.city\", \"Berlin\" );","pm.globals.set(\"patient.address.country\",\"GE\" );","pm.globals.set(\"patient.address.type\", \"PRIMARY\" );","pm.globals.set(\"patient.address.zipCode\", \"2000-000\" );","pm.globals.set(\"patient.address.street\", uuid.v4() );","","pm.globals.set(\"patient.phone.number\", \"999999999\" );","pm.globals.set(\"patient.phone.type\", \"TELEPHONE\" );","","pm.globals.set(\"patient.firstName\", uuid.v4() );","pm.globals.set(\"patient.lastName\", uuid.v4() );","pm.globals.set(\"patient.email\", uuid.v4() + \"@gmail.com\" );","//pm.globals.set(\"patient.username\", uuid.v4() );","pm.globals.set(\"patient.gender\", \"M\" );","pm.globals.set(\"patient.dob\", 647438400 );","pm.globals.set(\"patient.birthDate\", \"1990-07-08\" );","","","",""],"type":"text/javascript","packages":{}}},{"listen":"test","script":{"id":"ea867fb8-9731-4be5-9102-f175a5a7121e","exec":["","pm.test(\"Status code is 201\", function () {","    pm.response.to.have.status(201);","});","","","pm.test(\"Valid response\", function () {","    const response = pm.response.json();","","    pm.expect(response.firstName).to.eql(pm.globals.get(\"patient.firstName\"));","    pm.expect(response.lastName).to.eql( pm.globals.get(\"patient.lastName\"));","    pm.expect(response.externalUniqueId).to.eql( pm.globals.get(\"patient.externalUniqueId\"));","    pm.expect(response.externalId).to.eql(pm.globals.get(\"patient.externalId\"));","    pm.expect(response.email).to.eql(pm.globals.get(\"patient.email\"));","    pm.expect(response.username).to.eql( pm.globals.get(\"patient.username\"));","    pm.expect(response.dob).to.eql(pm.globals.get(\"patient.dob\"));","    pm.expect(response.gender).to.eql(pm.globals.get(\"patient.gender\"));","","    pm.expect(response.addresses[0].city).to.eql(pm.globals.get(\"patient.address.city\"))","    pm.expect(response.addresses[0].zipCode).to.eql(pm.globals.get(\"patient.address.zipCode\"))","    pm.expect(response.addresses[0].street).to.eql(pm.globals.get(\"patient.address.street\"))","    pm.expect(response.addresses[0].countryCode).to.eql(pm.globals.get(\"patient.address.country\"))","    pm.expect(response.addresses[0].type).to.eql(pm.globals.get(\"patient.address.type\"))","","    pm.expect(response.phones[0].type).to.eql(pm.globals.get(\"patient.phone.type\"))","    pm.expect(response.phones[0].number).to.eql(pm.globals.get(\"patient.phone.number\"))","","//    pm.expect(response.userType).to.eql(\"PATIENT\");","    ","    ","});",""],"type":"text/javascript","packages":{}}}],"id":"2fd07ca6-73b2-4361-be9a-af3bc0dea455","protocolProfileBehavior":{"disableBodyPruning":true},"request":{"auth":{"type":"bearer","bearer":[{"key":"token","value":"{{token}}","type":"string"}]},"method":"POST","header":[],"body":{"mode":"raw","raw":"{\n    \"firstName\": \"{{patient.firstName}}\",\n    \"lastName\": \"{{patient.lastName}}\",\n    \"externalUniqueId\": \"{{patient.externalUniqueId}}\",\n    \"externalId\": \"{{patient.externalId}}\",\n    \"email\": \"{{patient.email}}\",\n    \"username\": \"{{patient.username}}\",\n    \"dob\": {{patient.dob}},\n    \"gender\": \"{{patient.gender}}\",\n    \"addresses\": [\n        {\n            \"city\": \"{{patient.address.city}}\",\n            \"zipCode\": \"{{patient.address.zipCode}}\",\n            \"street\": \"{{patient.address.street}}\",\n            \"countryCode\": \"{{patient.address.country}}\",\n            \"type\": \"{{patient.address.type}}\"\n        }\n    ],\n    \"phones\": [\n        {\n            \"type\": \"{{patient.phone.type}}\",\n            \"number\": \"{{patient.phone.number}}\"\n        }\n    ],\n    \"userType\": \"PATIENT\"\n}","options":{"raw":{"language":"json"}}},"url":{"raw":"{{url_integration}}/integrations/v2/patient","host":["{{url_integration}}"],"path":["integrations","v2","patient"]}},"response":[]},{"name":"Get Patient by ID","event":[{"listen":"test","script":{"exec":["pm.test(\"Status code is 200\", function () {","    pm.response.to.have.status(200);","});","","","pm.test(\"Valid response\", function () {","    const response = pm.response.json();","","","","","    pm.expect(response.firstName).to.eql(pm.globals.get(\"patient.firstName\"));","    pm.expect(response.lastName).to.eql( pm.globals.get(\"patient.lastName\"));","    pm.expect(response.externalUniqueId).to.eql( pm.globals.get(\"patient.externalUniqueId\"));","    pm.expect(response.externalId).to.eql(pm.globals.get(\"patient.externalId\"));","    pm.expect(response.email).to.eql(pm.globals.get(\"patient.email\"));","    pm.expect(response.username).to.eql( pm.globals.get(\"patient.username\"));","    pm.expect(response.birthDate).to.eql(pm.globals.get(\"patient.birthDate\"));","    pm.expect(response.gender).to.eql(pm.globals.get(\"patient.gender\"));","","    pm.expect(response.addresses[0].city).to.eql(pm.globals.get(\"patient.address.city\"))","    pm.expect(response.addresses[0].postalCode).to.eql(pm.globals.get(\"patient.address.zipCode\"))","    pm.expect(response.addresses[0].street).to.eql(pm.globals.get(\"patient.address.street\"))","    pm.expect(response.addresses[0].addressType).to.eql(\"HOME\")","","    pm.expect(response.phones[0].type).to.eql(pm.globals.get(\"patient.phone.type\"))","    pm.expect(response.phones[0].phoneNumber).to.eql(pm.globals.get(\"patient.phone.number\"))","","    ","});"],"type":"text/javascript","id":"7ed952b9-d42b-4a62-92b1-f75e0be745f3"}}],"id":"b990ab31-384d-4fbf-a218-2ca04bcb310b","protocolProfileBehavior":{"disableBodyPruning":true},"request":{"auth":{"type":"bearer","bearer":[{"key":"token","value":"{{token}}","type":"string"}]},"method":"GET","header":[],"url":{"raw":"{{urlEnviroment}}/patients/v1/patients/:patientID","host":["{{urlEnviroment}}"],"path":["patients","v1","patients",":patientID"],"variable":[{"id":"454e6a83-d843-4de6-9fdd-6b59f746b64d","key":"patientID","value":"{{patient.id}}"}]}},"response":[]},{"name":"Update Patient External ID","event":[{"listen":"prerequest","script":{"id":"11d951ec-8c2b-448f-b549-56607529cbe5","exec":["var uuid = require('uuid');","","pm.globals.set(\"patient.externalId\", uuid.v4() );","pm.globals.set(\"patient.externalUniqueId\", uuid.v4() );"],"type":"text/javascript","packages":{}}},{"listen":"test","script":{"id":"82252331-9129-41ec-97b7-98d90ae9603e","exec":["pm.test(\"Status code is 200\", function () {","    pm.response.to.have.status(200);","});"],"type":"text/javascript","packages":{}}}],"id":"8b0856a2-2dba-4623-b2e1-ea7f5f400815","protocolProfileBehavior":{"disableBodyPruning":true},"request":{"auth":{"type":"bearer","bearer":[{"key":"token","value":"{{token}}","type":"string"}]},"method":"PATCH","header":[],"url":{"raw":"{{url_integration}}/integrations/v2/patient/:id/externalid/:externalId/externalUniqueId/:externalUniqueId","host":["{{url_integration}}"],"path":["integrations","v2","patient",":id","externalid",":externalId","externalUniqueId",":externalUniqueId"],"variable":[{"id":"ae00687d-1f07-4978-9f74-7460e2e60147","key":"id","value":"{{patient.id}}"},{"id":"1b1ebb01-9beb-4665-a4d3-316b1adae137","key":"externalId","value":"{{patient.externalId}}"},{"id":"f2a71db2-ea84-4a20-8528-1ab7aaf0b855","key":"externalUniqueId","value":"{{patient.externalUniqueId}}"}]}},"response":[]},{"name":"Get Patient By ID","event":[{"listen":"test","script":{"exec":["pm.test(\"Status code is 200\", function () {","    pm.response.to.have.status(200);","});","","","pm.test(\"Valid response\", function () {","    const response = pm.response.json();","","","","","    pm.expect(response.firstName).to.eql(pm.globals.get(\"patient.firstName\"));","    pm.expect(response.lastName).to.eql( pm.globals.get(\"patient.lastName\"));","    pm.expect(response.externalUniqueId).to.eql( pm.globals.get(\"patient.externalUniqueId\"));","    pm.expect(response.externalId).to.eql(pm.globals.get(\"patient.externalId\"));","    pm.expect(response.email).to.eql(pm.globals.get(\"patient.email\"));","    pm.expect(response.username).to.eql( pm.globals.get(\"patient.username\"));","    pm.expect(response.birthDate).to.eql(pm.globals.get(\"patient.birthDate\"));","    pm.expect(response.gender).to.eql(pm.globals.get(\"patient.gender\"));","","    pm.expect(response.addresses[0].city).to.eql(pm.globals.get(\"patient.address.city\"))","    pm.expect(response.addresses[0].postalCode).to.eql(pm.globals.get(\"patient.address.zipCode\"))","    pm.expect(response.addresses[0].street).to.eql(pm.globals.get(\"patient.address.street\"))","    pm.expect(response.addresses[0].addressType).to.eql(\"HOME\")","","    pm.expect(response.phones[0].type).to.eql(pm.globals.get(\"patient.phone.type\"))","    pm.expect(response.phones[0].phoneNumber).to.eql(pm.globals.get(\"patient.phone.number\"))","","    ","});"],"type":"text/javascript","id":"64181db6-d579-4262-8ebf-64da50d6f832"}}],"id":"17059821-0062-4e3a-9262-a4be8a505f86","protocolProfileBehavior":{"disableBodyPruning":true},"request":{"auth":{"type":"bearer","bearer":[{"key":"token","value":"{{token}}","type":"string"}]},"method":"GET","header":[],"url":{"raw":"{{urlEnviroment}}/patients/v1/patients/:patientID","host":["{{urlEnviroment}}"],"path":["patients","v1","patients",":patientID"],"variable":[{"id":"4a2702e4-137e-4d83-af01-7865853c01a2","key":"patientID","value":"{{patient.id}}"}]}},"response":[]},{"name":"Onboard - Create Case and Patient","event":[{"listen":"prerequest","script":{"id":"99b8ee4a-1ee4-4580-b598-e0318869e1bc","exec":["var uuid = require('uuid');","","pm.globals.set(\"patient.address.city\", \"Lisbon\" );","pm.globals.set(\"patient.address.country\",\"PT\" );","pm.globals.set(\"patient.address.type\", \"PRIMARY\" );","pm.globals.set(\"patient.address.zipCode\", \"1000-000\" );","pm.globals.set(\"patient.address.street\", uuid.v4() );","","pm.globals.set(\"patient.phone.number\", \"999999999\" );","pm.globals.set(\"patient.phone.type\", \"TELEPHONE\" );","","pm.globals.set(\"patient.firstName\", uuid.v4() );","pm.globals.set(\"patient.lastName\", uuid.v4() );","pm.globals.set(\"patient.externalId\", uuid.v4() );","pm.globals.set(\"patient.externalUniqueId\", uuid.v4() );","pm.globals.set(\"patient.email\", uuid.v4() + \"@gmail.com\" );","pm.globals.set(\"patient.username\", uuid.v4() );","pm.globals.set(\"patient.gender\", \"M\" );","pm.globals.set(\"patient.dob\", 584366400 );","pm.globals.set(\"patient.birthDate\", \"1988-07-08\" );","","","pm.globals.set(\"case.externalId\", uuid.v4());","pm.globals.set(\"case.externalUniqueId\", uuid.v4());","","pm.globals.set(\"case.dateStart\", ( Math.floor(Date.now() /1000) + 3600) ) // ADD 1 hour from now","pm.globals.set(\"case.dateEnd\", ( Math.floor(Date.now() /1000) +  ( 3600 * 24 * 30))) // ADD 30 days from now","","pm.globals.set(\"case.dateArrival\", ( Math.floor(Date.now() /1000)) )","pm.globals.set(\"case.datePlannedDeparture\", ( Math.floor(Date.now() /1000) +  ( 3600 * 24 * 29))) // ADD 29 days from now","pm.globals.set(\"case.dateActualDeparture\", ( Math.floor(Date.now() /1000) +  ( 3600 * 24 * 30))) // ADD 30 days from now","",""],"type":"text/javascript","packages":{}}},{"listen":"test","script":{"id":"b8f5878f-7eec-41c2-8768-c0e156189ffd","exec":["pm.globals.set(\"patient.id\", pm.response.json().patient.patientId);","pm.globals.set(\"person.id\", pm.response.json().patient.personId);","pm.globals.set(\"case.id\", pm.response.json().medicalCase.id);","","pm.test(\"Status code is 201\", function () {","    pm.response.to.have.status(201);","});","","","pm.test(\"Valid response\", function () {","    const response = pm.response.json();","    ","    //VALID PATIENT","    pm.expect(response.patient.firstName).to.eql(pm.globals.get(\"patient.firstName\"));","    pm.expect(response.patient.lastName).to.eql( pm.globals.get(\"patient.lastName\"));","    pm.expect(response.patient.externalUniqueId).to.eql( pm.globals.get(\"patient.externalUniqueId\"));","    pm.expect(response.patient.externalId).to.eql(pm.globals.get(\"patient.externalId\"));","    pm.expect(response.patient.email).to.eql(pm.globals.get(\"patient.email\"));","    pm.expect(response.patient.username).to.eql( pm.globals.get(\"patient.username\"));","    pm.expect(response.patient.dob).to.eql(pm.globals.get(\"patient.dob\"));","    pm.expect(response.patient.gender).to.eql(pm.globals.get(\"patient.gender\"));","","    pm.expect(response.patient.addresses[0].city).to.eql(pm.globals.get(\"patient.address.city\"));","    pm.expect(response.patient.addresses[0].zipCode).to.eql(pm.globals.get(\"patient.address.zipCode\"));","    pm.expect(response.patient.addresses[0].street).to.eql(pm.globals.get(\"patient.address.street\"));","    pm.expect(response.patient.addresses[0].countryCode).to.eql(pm.globals.get(\"patient.address.country\"));","    pm.expect(response.patient.addresses[0].type).to.eql(pm.globals.get(\"patient.address.type\"));","","    pm.expect(response.patient.phones[0].type).to.eql(pm.globals.get(\"patient.phone.type\"));","    pm.expect(response.patient.phones[0].number).to.eql(pm.globals.get(\"patient.phone.number\"));","","    //VALID CASE","","    pm.expect(response.medicalCase.externalId).to.eql(pm.globals.get(\"case.externalId\"));","    pm.expect(response.medicalCase.externalUniqueId).to.eql(pm.globals.get(\"case.externalUniqueId\"));","  ","  //  pm.expect(response.medicalCase.start).to.eql(pm.globals.get(\"case.dateStart\"));","  //  pm.expect(response.medicalCase.end).to.eql(pm.globals.get(\"case.dateEnd\"));","  //  pm.expect(response.medicalCase.plannedDeparture).to.eql(pm.globals.get(\"case.datePlannedDeparture\"));","  //  pm.expect(response.medicalCase.actualDeparture).to.eql(pm.globals.get(\"case.dateActualDeparture\"));","    ","","    //VALID PATIENT INTO CASE","","    pm.expect(response.medicalCase.patient.firstName).to.eql(pm.globals.get(\"patient.firstName\"));","    pm.expect(response.medicalCase.patient.lastName).to.eql( pm.globals.get(\"patient.lastName\"));","    pm.expect(response.medicalCase.patient.externalUniqueId).to.eql( pm.globals.get(\"patient.externalUniqueId\"));","    pm.expect(response.medicalCase.patient.externalId).to.eql(pm.globals.get(\"patient.externalId\"));","    pm.expect(response.medicalCase.patient.email).to.eql(pm.globals.get(\"patient.email\"));","    pm.expect(response.medicalCase.patient.username).to.eql( pm.globals.get(\"patient.username\"));","    pm.expect(response.medicalCase.patient.dob).to.eql(pm.globals.get(\"patient.dob\"));","    pm.expect(response.medicalCase.patient.gender).to.eql(pm.globals.get(\"patient.gender\"));","","    pm.expect(response.medicalCase.patient.addresses[0].city).to.eql(pm.globals.get(\"patient.address.city\"));","    pm.expect(response.medicalCase.patient.addresses[0].zipCode).to.eql(pm.globals.get(\"patient.address.zipCode\"));","    pm.expect(response.medicalCase.patient.addresses[0].street).to.eql(pm.globals.get(\"patient.address.street\"));","    pm.expect(response.medicalCase.patient.addresses[0].countryCode).to.eql(pm.globals.get(\"patient.address.country\"));","    pm.expect(response.medicalCase.patient.addresses[0].type).to.eql(pm.globals.get(\"patient.address.type\"));","","    pm.expect(response.medicalCase.patient.phones[0].type).to.eql(pm.globals.get(\"patient.phone.type\"));","    pm.expect(response.medicalCase.patient.phones[0].number).to.eql(pm.globals.get(\"patient.phone.number\"));","    ","});",""],"type":"text/javascript","packages":{}}}],"id":"4d079a81-e9ae-4b46-93eb-d4ea1c401a5a","protocolProfileBehavior":{"disableBodyPruning":true},"request":{"auth":{"type":"bearer","bearer":[{"key":"token","value":"{{token}}","type":"string"}]},"method":"POST","header":[],"body":{"mode":"raw","raw":"{\n    \"patient\": {\n        \"firstName\": \"{{patient.firstName}}\",\n        \"lastName\": \"{{patient.lastName}}\",\n        \"externalUniqueId\": \"{{patient.externalUniqueId}}\",\n        \"externalId\": \"{{patient.externalId}}\",\n        \"email\": \"{{patient.email}}\",\n        \"username\": \"{{patient.username}}\",\n        \"dob\": {{patient.dob}},\n        \"gender\": \"{{patient.gender}}\",\n        \"addresses\": [\n            {\n                \"city\": \"{{patient.address.city}}\",\n                \"zipCode\": \"{{patient.address.zipCode}}\",\n                \"street\": \"{{patient.address.street}}\",\n                \"countryCode\": \"{{patient.address.country}}\",\n                \"type\": \"{{patient.address.type}}\"\n            }\n        ],\n        \"phones\": [\n            {\n                \"type\": \"{{patient.phone.type}}\",\n                \"number\": \"{{patient.phone.number}}\"\n            }\n        ],\n        \"userType\": \"PATIENT\"\n    },\n    \"medicalCase\": {\n        \"externalId\": \"{{case.externalId}}\",\n        \"externalUniqueId\": \"{{case.externalUniqueId}}\",\n        \"start\": {{case.dateStart}},\n        \"arrival\": {{case.dateArrival}},\n        \"plannedDeparture\": {{case.datePlannedDeparture}},\n        \"actualDeparture\": {{case.dateActualDeparture}},\n        \"end\": {{case.dateEnd}},\n        \"caseLocation\": {\n            \"clinicExternalId\": \"{{clinicExternalId}}\"\n            //\"departmentExternalId\": \"{{departmentExternalId}}\",\n            //\"roomExternalId\": \"{{roomExternalId}}\",\n            //\"wardExternalId\": \"{{wardExternalId}}\"\n        }\n    }\n}","options":{"raw":{"language":"json"}}},"url":{"raw":"{{url_integration}}/integrations/v2/patient/onboard","host":["{{url_integration}}"],"path":["integrations","v2","patient","onboard"]}},"response":[]},{"name":"Get Patient By ID","event":[{"listen":"test","script":{"exec":["pm.test(\"Status code is 200\", function () {","    pm.response.to.have.status(200);","});","","","pm.test(\"Valid response\", function () {","    const response = pm.response.json();","","","","","    pm.expect(response.firstName).to.eql(pm.globals.get(\"patient.firstName\"));","    pm.expect(response.lastName).to.eql( pm.globals.get(\"patient.lastName\"));","    pm.expect(response.externalUniqueId).to.eql( pm.globals.get(\"patient.externalUniqueId\"));","    pm.expect(response.externalId).to.eql(pm.globals.get(\"patient.externalId\"));","    pm.expect(response.email).to.eql(pm.globals.get(\"patient.email\"));","    pm.expect(response.username).to.eql( pm.globals.get(\"patient.username\"));","    pm.expect(response.birthDate).to.eql(pm.globals.get(\"patient.birthDate\"));","    pm.expect(response.gender).to.eql(pm.globals.get(\"patient.gender\"));","","    pm.expect(response.addresses[0].city).to.eql(pm.globals.get(\"patient.address.city\"))","    pm.expect(response.addresses[0].postalCode).to.eql(pm.globals.get(\"patient.address.zipCode\"))","    pm.expect(response.addresses[0].street).to.eql(pm.globals.get(\"patient.address.street\"))","    pm.expect(response.addresses[0].addressType).to.eql(\"HOME\")","","    pm.expect(response.phones[0].type).to.eql(pm.globals.get(\"patient.phone.type\"))","    pm.expect(response.phones[0].phoneNumber).to.eql(pm.globals.get(\"patient.phone.number\"))","","    ","});"],"type":"text/javascript","id":"20bca2a7-c50c-475a-8343-c00bd6eefb7f"}}],"id":"37dccbf1-b56d-4203-b4c4-2522e7de1184","protocolProfileBehavior":{"disableBodyPruning":true},"request":{"auth":{"type":"bearer","bearer":[{"key":"token","value":"{{token}}","type":"string"}]},"method":"GET","header":[],"url":{"raw":"{{urlEnviroment}}/patients/v1/patients/:patientID","host":["{{urlEnviroment}}"],"path":["patients","v1","patients",":patientID"],"variable":[{"id":"dc7407b9-42df-4026-8ba5-fc451bbf819a","key":"patientID","value":"{{patient.id}}"}]}},"response":[]},{"name":"Create Appointment with no Case and no Professional","event":[{"listen":"prerequest","script":{"id":"e11383ce-5f7d-454d-86b9-9fd5247a358e","exec":["","var uuid = require('uuid');","","pm.globals.set(\"appointment.externalId\", \"ExternalId\" + uuid.v4() );","pm.globals.set(\"appointment.externalUniqueId\", \"externalUniqueId\" + uuid.v4() );","pm.globals.set(\"appointment.title\", \"title\" + uuid.v4() );","pm.globals.set(\"appointment.comments\", \"comment\" + uuid.v4() );","pm.globals.set(\"appointment.description\", \"description\" + uuid.v4() );","","pm.globals.set(\"appointment.dateStart\", ( Math.floor(Date.now() /1000) + 3600) ) // ADD 1 hour from now","pm.globals.set(\"appointment.dateEnd\", ( Math.floor(Date.now() /1000) + 7200)) // ADD 2 hour from now"],"type":"text/javascript","packages":{}}},{"listen":"test","script":{"id":"00892d33-3543-414e-b160-ed4b842ae83b","exec":["pm.test(\"Status code is 201\", function () {","    pm.response.to.have.status(201);","});","","","pm.test(\"Valid response\", function () {","    const response = pm.response.json();","","    pm.expect(response.externalId).to.eql(pm.globals.get(\"appointment.externalId\"))","    pm.expect(response.title).to.eql(pm.globals.get(\"appointment.title\"));","    pm.expect(response.comments[0]).to.eql(pm.globals.get(\"appointment.comments\"));","    pm.expect(response.dateStart).to.eql(pm.globals.get(\"appointment.dateStart\"));","    pm.expect(response.dateEnd).to.eql(pm.globals.get(\"appointment.dateEnd\"));","    pm.expect(response.status).to.eql(\"CONFIRMED\");","    pm.expect(response.consultationType).to.eql(pm.environment.get(\"consultationType\"))","    pm.expect(response.patients[0].patientId).to.eql(pm.globals.get(\"patient.id\"))","    ","});","",""],"type":"text/javascript","packages":{}}}],"id":"0511fb6f-22db-474c-91cd-f3d459e3ad6b","protocolProfileBehavior":{"disableBodyPruning":true},"request":{"auth":{"type":"bearer","bearer":[{"key":"token","value":"{{token}}","type":"string"}]},"method":"POST","header":[],"body":{"mode":"raw","raw":"{\n    \"externalId\": \"{{appointment.externalId}}\",\n    \"timeVisible\": true,\n    \"visible\": true,\n    \"title\": \"{{appointment.title}}\",\n    \"comments\": [\n        \"{{appointment.comments}}\"\n    ],\n    \"dateStart\": {{appointment.dateStart}},\n    \"dateEnd\": {{appointment.dateEnd}},\n    \"status\": \"CONFIRMED\",\n    \"type\": \"ON_SITE\",\n    \"integrationType\": \"CGM\",\n    \"cancelable\": true,\n    \"description\": \"{{appointment.description}}\",\n    \"consultationType\": \"{{consultationType}}\",\n    \"patients\": [\n        \"{{patient.externalUniqueId}}\"\n    ],\n    \"professionals\": []\n}","options":{"raw":{"language":"json"}}},"url":{"raw":"{{url_integration}}/integrations/v2/appointments","host":["{{url_integration}}"],"path":["integrations","v2","appointments"]}},"response":[]},{"name":"Get Appointment By External ID - Teste appointment with no case and no professional","event":[{"listen":"prerequest","script":{"id":"361d423c-f867-4e0f-b0de-7c10d94bfbd5","exec":[""],"type":"text/javascript","packages":{}}},{"listen":"test","script":{"id":"1e0624cd-dfa5-4e0c-84a3-4f043cdef661","exec":["pm.test(\"Status code is 200\", function () {","    pm.response.to.have.status(200);","});","","","pm.test(\"Valid response\", function () {","    const response = pm.response.json();","","    pm.expect(response.externalId).to.eql(pm.globals.get(\"appointment.externalId\"))","    pm.expect(response.title).to.eql(pm.globals.get(\"appointment.title\"));","    pm.expect(response.comments[0]).to.eql(pm.globals.get(\"appointment.comments\"));","    pm.expect(response.dateStart).to.eql(pm.globals.get(\"appointment.dateStart\"));","    pm.expect(response.dateEnd).to.eql(pm.globals.get(\"appointment.dateEnd\"));","    pm.expect(response.status).to.eql(\"CONFIRMED\");","    pm.expect(response.consultationType).to.eql(pm.environment.get(\"consultationType\"))","    pm.expect(response.patients[0].patientId).to.eql(pm.globals.get(\"patient.id\"))","    pm.expect(response.professionals).to.empty","    ","});","",""],"type":"text/javascript","packages":{}}}],"id":"4598cb94-33dd-48a2-b6f3-b970fa227655","protocolProfileBehavior":{"disableBodyPruning":true},"request":{"auth":{"type":"bearer","bearer":[{"key":"token","value":"{{token}}","type":"string"}]},"method":"GET","header":[],"body":{"mode":"raw","raw":"{\n    \"externalId\": \"{{appointment.externalId}}\",\n    \"timeVisible\": true,\n    \"visible\": true,\n    \"title\": \"{{appointment.title}}\",\n    \"comments\": [\n        \"{{appointment.comments}}\"\n    ],\n    \"dateStart\": {{appointment.dateStart}},\n    \"dateEnd\": {{appointment.dateEnd}},\n    \"status\": \"CONFIRMED\",\n    \"type\": \"ON_SITE\",\n    \"integrationType\": \"CGM\",\n    \"cancelable\": true,\n    \"description\": \"{{appointment.description}}\",\n    \"consultationType\": \"{{consultationType}}\",\n    \"patients\": [],\n    \"professionals\": [],\n    \"externalCaseId\" : \"{{case.externalId}}\"\n}","options":{"raw":{"language":"json"}}},"url":{"raw":"{{url_integration}}/integrations/v2/appointments/:appointmentExternalId","host":["{{url_integration}}"],"path":["integrations","v2","appointments",":appointmentExternalId"],"variable":[{"id":"fc26ad9e-4901-4f78-8790-82f85683996c","key":"appointmentExternalId","value":"{{appointment.externalId}}"}]}},"response":[]},{"name":"Create Appointment with no Case","event":[{"listen":"prerequest","script":{"id":"fcb73889-af9a-42a6-8578-580566c6fe3a","exec":["","var uuid = require('uuid');","","pm.globals.set(\"appointment.externalId\", \"ExternalId\" + uuid.v4() );","pm.globals.set(\"appointment.externalUniqueId\", \"externalUniqueId\" + uuid.v4() );","pm.globals.set(\"appointment.title\", \"title\" + uuid.v4() );","pm.globals.set(\"appointment.comments\", \"comment\" + uuid.v4() );","pm.globals.set(\"appointment.description\", \"description\" + uuid.v4() );","","pm.globals.set(\"appointment.dateStart\", ( Math.floor(Date.now() /1000) + 3600) ) // ADD 1 hour from now","pm.globals.set(\"appointment.dateEnd\", ( Math.floor(Date.now() /1000) + 7200)) // ADD 2 hour from now"],"type":"text/javascript","packages":{}}},{"listen":"test","script":{"id":"773c3a85-92b2-475a-b677-48612e8a87c8","exec":["pm.test(\"Status code is 201\", function () {","    pm.response.to.have.status(201);","});","","","pm.test(\"Valid response\", function () {","    const response = pm.response.json();","","    pm.expect(response.externalId).to.eql(pm.globals.get(\"appointment.externalId\"))","    pm.expect(response.title).to.eql(pm.globals.get(\"appointment.title\"));","    pm.expect(response.comments[0]).to.eql(pm.globals.get(\"appointment.comments\"));","    pm.expect(response.dateStart).to.eql(pm.globals.get(\"appointment.dateStart\"));","    pm.expect(response.dateEnd).to.eql(pm.globals.get(\"appointment.dateEnd\"));","    pm.expect(response.status).to.eql(\"CONFIRMED\");","    pm.expect(response.consultationType).to.eql(pm.environment.get(\"consultationType\"))","    pm.expect(response.patients[0].patientId).to.eql(pm.globals.get(\"patient.id\"))","    pm.expect(response.professionals[0].personId).to.eql(pm.environment.get(\"professional.id\"))","});","",""],"type":"text/javascript","packages":{}}}],"id":"4144d8db-8f00-4f1f-9e9f-48136abf4c10","protocolProfileBehavior":{"disableBodyPruning":true},"request":{"auth":{"type":"bearer","bearer":[{"key":"token","value":"{{token}}","type":"string"}]},"method":"POST","header":[],"body":{"mode":"raw","raw":"{\n    \"externalId\": \"{{appointment.externalId}}\",\n    \"timeVisible\": true,\n    \"visible\": true,\n    \"title\": \"{{appointment.title}}\",\n    \"comments\": [\n        \"{{appointment.comments}}\"\n    ],\n    \"dateStart\": {{appointment.dateStart}},\n    \"dateEnd\": {{appointment.dateEnd}},\n    \"status\": \"CONFIRMED\",\n    \"type\": \"ON_SITE\",\n    \"integrationType\": \"CGM\",\n    \"cancelable\": true,\n    \"description\": \"{{appointment.description}}\",\n    \"consultationType\": \"{{consultationType}}\",\n    \"patients\": [\n        \"{{patient.externalUniqueId}}\"\n    ],\n    \"professionals\": [\n        \"{{professional.externalUniqueId}}\"\n    ]\n}","options":{"raw":{"language":"json"}}},"url":{"raw":"{{url_integration}}/integrations/v2/appointments","host":["{{url_integration}}"],"path":["integrations","v2","appointments"]}},"response":[]},{"name":"Get Appointment By External ID - Test appointment with no case and with professional","event":[{"listen":"prerequest","script":{"id":"94ae5642-85c9-477e-ab2b-ee88d10c6f67","exec":[""],"type":"text/javascript","packages":{}}},{"listen":"test","script":{"id":"43de95c5-6144-409e-922d-da8a41555090","exec":["pm.test(\"Status code is 200\", function () {","    pm.response.to.have.status(200);","});","","","pm.test(\"Valid response\", function () {","    const response = pm.response.json();","","    pm.expect(response.externalId).to.eql(pm.globals.get(\"appointment.externalId\"))","    pm.expect(response.title).to.eql(pm.globals.get(\"appointment.title\"));","    pm.expect(response.comments[0]).to.eql(pm.globals.get(\"appointment.comments\"));","    pm.expect(response.dateStart).to.eql(pm.globals.get(\"appointment.dateStart\"));","    pm.expect(response.dateEnd).to.eql(pm.globals.get(\"appointment.dateEnd\"));","    pm.expect(response.status).to.eql(\"CONFIRMED\");","    pm.expect(response.consultationType).to.eql(pm.environment.get(\"consultationType\"))","    pm.expect(response.patients[0].patientId).to.eql(pm.globals.get(\"patient.id\"))","    pm.expect(response.professionals[0].personId).to.eql(pm.environment.get(\"professional.id\"))","    ","});","",""],"type":"text/javascript","packages":{}}}],"id":"699a2bd5-b429-4108-bafd-29daf38e50d9","protocolProfileBehavior":{"disableBodyPruning":true},"request":{"auth":{"type":"bearer","bearer":[{"key":"token","value":"{{token}}","type":"string"}]},"method":"GET","header":[],"body":{"mode":"raw","raw":"{\n    \"externalId\": \"{{appointment.externalId}}\",\n    \"timeVisible\": true,\n    \"visible\": true,\n    \"title\": \"{{appointment.title}}\",\n    \"comments\": [\n        \"{{appointment.comments}}\"\n    ],\n    \"dateStart\": {{appointment.dateStart}},\n    \"dateEnd\": {{appointment.dateEnd}},\n    \"status\": \"CONFIRMED\",\n    \"type\": \"ON_SITE\",\n    \"integrationType\": \"CGM\",\n    \"cancelable\": true,\n    \"description\": \"{{appointment.description}}\",\n    \"consultationType\": \"{{consultationType}}\",\n    \"patients\": [],\n    \"professionals\": [],\n    \"externalCaseId\" : \"{{case.externalId}}\"\n}","options":{"raw":{"language":"json"}}},"url":{"raw":"{{url_integration}}/integrations/v2/appointments/:appointmentExternalId","host":["{{url_integration}}"],"path":["integrations","v2","appointments",":appointmentExternalId"],"variable":[{"id":"9f6a18cb-0d92-4d0e-bf23-879d0792659f","key":"appointmentExternalId","value":"{{appointment.externalId}}"}]}},"response":[]},{"name":"Create Appointment with Case","event":[{"listen":"prerequest","script":{"id":"25be3b76-06f6-4a9c-9eaf-820036539bed","exec":["","var uuid = require('uuid');","","pm.globals.set(\"appointment.externalId\", \"ExternalId\" + uuid.v4() );","pm.globals.set(\"appointment.externalUniqueId\", \"externalUniqueId\" + uuid.v4() );","pm.globals.set(\"appointment.title\", \"title\" + uuid.v4() );","pm.globals.set(\"appointment.comments\", \"comment\" + uuid.v4() );","pm.globals.set(\"appointment.description\", \"description\" + uuid.v4() );","","pm.globals.set(\"appointment.dateStart\", ( Math.floor(Date.now() /1000) + 3600) ) // ADD 1 hour from now","pm.globals.set(\"appointment.dateEnd\", ( Math.floor(Date.now() /1000) + 7200)) // ADD 2 hour from now"],"type":"text/javascript","packages":{}}},{"listen":"test","script":{"id":"fa365b7c-c921-48e4-965b-5770d21719e3","exec":["pm.test(\"Status code is 201\", function () {","    pm.response.to.have.status(201);","});","","","pm.test(\"Valid response\", function () {","    const response = pm.response.json();","","    pm.expect(response.externalId).to.eql(pm.globals.get(\"appointment.externalId\"))","    pm.expect(response.title).to.eql(pm.globals.get(\"appointment.title\"));","    pm.expect(response.comments[0]).to.eql(pm.globals.get(\"appointment.comments\"));","    pm.expect(response.dateStart).to.eql(pm.globals.get(\"appointment.dateStart\"));","    pm.expect(response.dateEnd).to.eql(pm.globals.get(\"appointment.dateEnd\"));","    pm.expect(response.status).to.eql(\"CONFIRMED\");","    pm.expect(response.consultationType).to.eql(pm.environment.get(\"consultationType\"))","    pm.expect(response.patients[0].patientId).to.eql(pm.globals.get(\"patient.id\"))","});","",""],"type":"text/javascript","packages":{}}}],"id":"451873e0-3767-4eac-8796-57dd40efd4f5","protocolProfileBehavior":{"disableBodyPruning":true},"request":{"auth":{"type":"bearer","bearer":[{"key":"token","value":"{{token}}","type":"string"}]},"method":"POST","header":[],"body":{"mode":"raw","raw":"{\n    \"externalId\": \"{{appointment.externalId}}\",\n    \"timeVisible\": true,\n    \"visible\": true,\n    \"title\": \"{{appointment.title}}\",\n    \"comments\": [\n        \"{{appointment.comments}}\"\n    ],\n    \"dateStart\": {{appointment.dateStart}},\n    \"dateEnd\": {{appointment.dateEnd}},\n    \"status\": \"CONFIRMED\",\n    \"type\": \"ON_SITE\",\n    \"integrationType\": \"CGM\",\n    \"cancelable\": true,\n    \"description\": \"{{appointment.description}}\",\n    \"consultationType\": \"{{consultationType}}\",\n    \"patients\": [],\n    \"professionals\": [],\n    \"externalCaseId\": \"{{case.externalUniqueId}}\"\n}","options":{"raw":{"language":"json"}}},"url":{"raw":"{{url_integration}}/integrations/v2/appointments","host":["{{url_integration}}"],"path":["integrations","v2","appointments"]}},"response":[]},{"name":"Get Appointment By External ID - Test appointment with case","event":[{"listen":"prerequest","script":{"id":"4cd1d15c-f689-4f2e-8250-8b86bfb3daf0","exec":[""],"type":"text/javascript","packages":{}}},{"listen":"test","script":{"id":"ad94a886-afe0-4c60-bd23-f5b000dbd05c","exec":["pm.test(\"Status code is 200\", function () {","    pm.response.to.have.status(200);","});","","","pm.test(\"Valid response\", function () {","    const response = pm.response.json();","","    pm.expect(response.externalId).to.eql(pm.globals.get(\"appointment.externalId\"))","    pm.expect(response.title).to.eql(pm.globals.get(\"appointment.title\"));","    pm.expect(response.comments[0]).to.eql(pm.globals.get(\"appointment.comments\"));","    pm.expect(response.dateStart).to.eql(pm.globals.get(\"appointment.dateStart\"));","    pm.expect(response.dateEnd).to.eql(pm.globals.get(\"appointment.dateEnd\"));","    pm.expect(response.status).to.eql(\"CONFIRMED\");","    pm.expect(response.consultationType).to.eql(pm.environment.get(\"consultationType\"))","    pm.expect(response.patients[0].patientId).to.eql(pm.globals.get(\"patient.id\"))","    ","});","",""],"type":"text/javascript","packages":{}}}],"id":"4ef522f2-dbbe-45af-bd75-b062897f8985","protocolProfileBehavior":{"disableBodyPruning":true},"request":{"auth":{"type":"bearer","bearer":[{"key":"token","value":"{{token}}","type":"string"}]},"method":"GET","header":[],"body":{"mode":"raw","raw":"{\n    \"externalId\": \"{{appointment.externalId}}\",\n    \"timeVisible\": true,\n    \"visible\": true,\n    \"title\": \"{{appointment.title}}\",\n    \"comments\": [\n        \"{{appointment.comments}}\"\n    ],\n    \"dateStart\": {{appointment.dateStart}},\n    \"dateEnd\": {{appointment.dateEnd}},\n    \"status\": \"CONFIRMED\",\n    \"type\": \"ON_SITE\",\n    \"integrationType\": \"CGM\",\n    \"cancelable\": true,\n    \"description\": \"{{appointment.description}}\",\n    \"consultationType\": \"{{consultationType}}\",\n    \"patients\": [],\n    \"professionals\": [],\n    \"externalCaseId\" : \"{{case.externalId}}\"\n}","options":{"raw":{"language":"json"}}},"url":{"raw":"{{url_integration}}/integrations/v2/appointments/:appointmentExternalId","host":["{{url_integration}}"],"path":["integrations","v2","appointments",":appointmentExternalId"],"variable":[{"id":"cee951c4-296b-4dbc-afd5-7e3300a11cbb","key":"appointmentExternalId","value":"{{appointment.externalId}}"}]}},"response":[]},{"name":"Cancel Appointment","event":[{"listen":"prerequest","script":{"id":"d0050b77-ae3e-4c4c-9c6c-27bc4e3690aa","exec":[""],"type":"text/javascript","packages":{}}},{"listen":"test","script":{"id":"625fd27e-03ae-45b9-b2c3-e5c6de11bb04","exec":["pm.test(\"Status code is 204\", function () {","    pm.response.to.have.status(204);","});","",""],"type":"text/javascript","packages":{}}}],"id":"69bc6d7c-b61d-4b1e-83f6-77836a022cfc","protocolProfileBehavior":{"disableBodyPruning":true},"request":{"auth":{"type":"bearer","bearer":[{"key":"token","value":"{{token}}","type":"string"}]},"method":"PATCH","header":[],"body":{"mode":"raw","raw":"{\n    \"reason\" : \"test\"\n}","options":{"raw":{"language":"json"}}},"url":{"raw":"{{url_integration}}/integrations/v2/appointments/:appointmentExternalId/status/CANCELED","host":["{{url_integration}}"],"path":["integrations","v2","appointments",":appointmentExternalId","status","CANCELED"],"variable":[{"id":"471e22df-7911-4326-8b2e-a4a8ae511f08","key":"appointmentExternalId","value":"{{appointment.externalId}}"}]}},"response":[]},{"name":"Get Appointment By External ID - Test appointment with case Copy","event":[{"listen":"prerequest","script":{"id":"fbc039f1-ee40-4934-9b1c-15ca2dee727d","exec":[""],"type":"text/javascript","packages":{}}},{"listen":"test","script":{"id":"12cb0232-8857-436e-b54f-bd4429205d43","exec":["pm.test(\"Status code is 200\", function () {","    pm.response.to.have.status(200);","});","","","pm.test(\"Valid status Canceled\", function () {","    const response = pm.response.json();","","    pm.expect(response.status).to.eql(\"CANCELED\")","    ","});","",""],"type":"text/javascript","packages":{}}}],"id":"9d39f615-ca95-4b70-b3a7-b863ba789209","protocolProfileBehavior":{"disableBodyPruning":true},"request":{"auth":{"type":"bearer","bearer":[{"key":"token","value":"{{token}}","type":"string"}]},"method":"GET","header":[],"body":{"mode":"raw","raw":"{\n    \"externalId\": \"{{appointment.externalId}}\",\n    \"timeVisible\": true,\n    \"visible\": true,\n    \"title\": \"{{appointment.title}}\",\n    \"comments\": [\n        \"{{appointment.comments}}\"\n    ],\n    \"dateStart\": {{appointment.dateStart}},\n    \"dateEnd\": {{appointment.dateEnd}},\n    \"status\": \"CONFIRMED\",\n    \"type\": \"ON_SITE\",\n    \"integrationType\": \"CGM\",\n    \"cancelable\": true,\n    \"description\": \"{{appointment.description}}\",\n    \"consultationType\": \"{{consultationType}}\",\n    \"patients\": [],\n    \"professionals\": [],\n    \"externalCaseId\" : \"{{case.externalId}}\"\n}","options":{"raw":{"language":"json"}}},"url":{"raw":"{{url_integration}}/integrations/v2/appointments/:appointmentExternalId","host":["{{url_integration}}"],"path":["integrations","v2","appointments",":appointmentExternalId"],"variable":[{"id":"a33ccb0d-e7b6-402b-bdce-6407ea8d1863","key":"appointmentExternalId","value":"{{appointment.externalId}}"}]}},"response":[]},{"name":"Create Appointment - Therapeutic with first and last name","event":[{"listen":"prerequest","script":{"id":"4726ecdc-77b6-445a-b97f-c65fafda8e43","exec":["","var uuid = require('uuid');","","pm.globals.set(\"appointment.externalId\", \"ExternalId\" + uuid.v4() );","pm.globals.set(\"appointment.externalUniqueId\", \"externalUniqueId\" + uuid.v4() );","pm.globals.set(\"appointment.title\", \"title\" + uuid.v4() );","pm.globals.set(\"appointment.comments\", \"comment\" + uuid.v4() );","pm.globals.set(\"appointment.description\", \"description\" + uuid.v4() );","","pm.globals.set(\"appointment.dateStart\", ( Math.floor(Date.now() /1000) + 3600) ) // ADD 1 hour from now","pm.globals.set(\"appointment.dateEnd\", ( Math.floor(Date.now() /1000) + 7200)) // ADD 2 hour from now","","pm.globals.set(\"therapeutic.id\", uuid.v4())","pm.globals.set(\"therapeutic.firstName\", \"firstName\" + uuid.v4());","pm.globals.set(\"therapeutic.lastName\", \"lastname\" + uuid.v4());"],"type":"text/javascript","packages":{}}},{"listen":"test","script":{"id":"9cdbbf4e-c054-4823-808d-e7f1a601f197","exec":["pm.test(\"Status code is 201\", function () {","    pm.response.to.have.status(201);","});"," console.log( pm.globals.get(\"therapeutic.firstName\") + \".\" ","        + pm.globals.get(\"therapeutic.lastName\") +\".\" ","        + pm.globals.get(\"therapeutic.id\"))","","pm.test(\"Valid response\", function () {","    const response = pm.response.json();","","    pm.expect(response.externalId).to.eql(pm.globals.get(\"appointment.externalId\"))","    pm.expect(response.title).to.eql(pm.globals.get(\"appointment.title\"));","    pm.expect(response.comments[0]).to.eql(pm.globals.get(\"appointment.comments\"));","    pm.expect(response.dateStart).to.eql(pm.globals.get(\"appointment.dateStart\"));","    pm.expect(response.dateEnd).to.eql(pm.globals.get(\"appointment.dateEnd\"));","    pm.expect(response.status).to.eql(\"CONFIRMED\");","    pm.expect(response.consultationType).to.eql(pm.environment.get(\"consultationType\"))","    pm.expect(response.patients[0].patientId).to.eql(pm.globals.get(\"patient.id\"))","","    pm.expect(response.professionals[0].externalUniqueId).to.eql(pm.globals.get(\"therapeutic.id\"))","    pm.expect(response.professionals[0].externalId).to.eql(pm.globals.get(\"therapeutic.id\"))","    pm.expect(response.professionals[0].firstName).to.eql(pm.globals.get(\"therapeutic.firstName\"))","    pm.expect(response.professionals[0].lastName).to.eql(pm.globals.get(\"therapeutic.lastName\"))","","    pm.expect(response.professionals[0].username).to.eql(","        (pm.globals.get(\"therapeutic.firstName\") + \".\" ","        + pm.globals.get(\"therapeutic.lastName\") +\".\" ","        + pm.globals.get(\"therapeutic.id\")).toLowerCase()","    )","    ","    pm.expect(response.professionals[0].email).to.null","    pm.expect(response.professionals[0].dob).to.null","    pm.expect(response.professionals[0].gender).to.null","    ","});","",""],"type":"text/javascript","packages":{}}}],"id":"76b11d78-e165-4447-9d2a-295c556aef7b","protocolProfileBehavior":{"disableBodyPruning":true},"request":{"auth":{"type":"bearer","bearer":[{"key":"token","value":"{{token}}","type":"string"}]},"method":"POST","header":[],"body":{"mode":"raw","raw":"{\n    \"externalId\": \"{{appointment.externalId}}\",\n    \"timeVisible\": true,\n    \"visible\": true,\n    \"title\": \"{{appointment.title}}\",\n    \"comments\": [\n        \"{{appointment.comments}}\"\n    ],\n    \"dateStart\": {{appointment.dateStart}},\n    \"dateEnd\": {{appointment.dateEnd}},\n    \"status\": \"CONFIRMED\",\n    \"type\": \"ON_SITE\",\n    \"integrationType\": \"CGM\",\n    \"cancelable\": true,\n    \"description\": \"{{appointment.description}}\",\n    \"consultationType\": \"{{consultationType}}\",\n    \"patients\": [\"{{patient.externalUniqueId}}\"],\n    \"professionals\": [],\n    \"therapeutic\": \"{{therapeutic.firstName}} {{therapeutic.lastName}}\",\n    \"therapeuticId\": \"{{therapeutic.id}}\"\n}","options":{"raw":{"language":"json"}}},"url":{"raw":"{{url_integration}}/integrations/v2/appointments","host":["{{url_integration}}"],"path":["integrations","v2","appointments"]}},"response":[]},{"name":"Get Appointment By External ID - Test appointment with therapeutic Fist and Last Name","event":[{"listen":"prerequest","script":{"id":"7873161e-2d80-44b1-b74a-34ec1f11e6b8","exec":[""],"type":"text/javascript","packages":{}}},{"listen":"test","script":{"id":"d2f4b947-e0ef-44fe-a0ca-7da3792a26fa","exec":["pm.test(\"Status code is 200\", function () {","    pm.response.to.have.status(200);","});","","","pm.test(\"Valid status Canceled\", function () {","    const response = pm.response.json();","","    pm.expect(response.externalId).to.eql(pm.globals.get(\"appointment.externalId\"))","    pm.expect(response.title).to.eql(pm.globals.get(\"appointment.title\"));","    pm.expect(response.comments[0]).to.eql(pm.globals.get(\"appointment.comments\"));","    pm.expect(response.dateStart).to.eql(pm.globals.get(\"appointment.dateStart\"));","    pm.expect(response.dateEnd).to.eql(pm.globals.get(\"appointment.dateEnd\"));","    pm.expect(response.status).to.eql(\"CONFIRMED\");","    pm.expect(response.consultationType).to.eql(pm.environment.get(\"consultationType\"))","    pm.expect(response.patients[0].patientId).to.eql(pm.globals.get(\"patient.id\"))","","     pm.expect(response.professionals[0].externalUniqueId).to.eql(pm.globals.get(\"therapeutic.id\"))","    pm.expect(response.professionals[0].externalId).to.eql(pm.globals.get(\"therapeutic.id\"))","    pm.expect(response.professionals[0].firstName).to.eql(pm.globals.get(\"therapeutic.firstName\"))","    pm.expect(response.professionals[0].lastName).to.eql(pm.globals.get(\"therapeutic.lastName\"))","","    pm.expect(response.professionals[0].username).to.eql(","        (pm.globals.get(\"therapeutic.firstName\") + \".\" ","        + pm.globals.get(\"therapeutic.lastName\") +\".\" ","        + pm.globals.get(\"therapeutic.id\")).toLowerCase()","    )","    ","    pm.expect(response.professionals[0].email).to.null","    pm.expect(response.professionals[0].dob).to.null","    pm.expect(response.professionals[0].gender).to.null","});","",""],"type":"text/javascript","packages":{}}}],"id":"c270bcc4-d5e6-488f-80fa-839459dc6de8","protocolProfileBehavior":{"disableBodyPruning":true},"request":{"auth":{"type":"bearer","bearer":[{"key":"token","value":"{{token}}","type":"string"}]},"method":"GET","header":[],"body":{"mode":"raw","raw":"{\n    \"externalId\": \"{{appointment.externalId}}\",\n    \"timeVisible\": true,\n    \"visible\": true,\n    \"title\": \"{{appointment.title}}\",\n    \"comments\": [\n        \"{{appointment.comments}}\"\n    ],\n    \"dateStart\": {{appointment.dateStart}},\n    \"dateEnd\": {{appointment.dateEnd}},\n    \"status\": \"CONFIRMED\",\n    \"type\": \"ON_SITE\",\n    \"integrationType\": \"CGM\",\n    \"cancelable\": true,\n    \"description\": \"{{appointment.description}}\",\n    \"consultationType\": \"{{consultationType}}\",\n    \"patients\": [],\n    \"professionals\": [],\n    \"externalCaseId\" : \"{{case.externalId}}\"\n}","options":{"raw":{"language":"json"}}},"url":{"raw":"{{url_integration}}/integrations/v2/appointments/:appointmentExternalId","host":["{{url_integration}}"],"path":["integrations","v2","appointments",":appointmentExternalId"],"variable":[{"id":"c6fac54c-66bb-4f8c-8a05-1883dbdf016c","key":"appointmentExternalId","value":"{{appointment.externalId}}"}]}},"response":[]},{"name":"Create Appointment - Therapeutic with first name and no last name","event":[{"listen":"prerequest","script":{"id":"1d3c7425-2e35-42ff-b1c7-62c601083a00","exec":["","var uuid = require('uuid');","","pm.globals.set(\"appointment.externalId\", \"ExternalId\" + uuid.v4() );","pm.globals.set(\"appointment.externalUniqueId\", \"externalUniqueId\" + uuid.v4() );","pm.globals.set(\"appointment.title\", \"title\" + uuid.v4() );","pm.globals.set(\"appointment.comments\", \"comment\" + uuid.v4() );","pm.globals.set(\"appointment.description\", \"description\" + uuid.v4() );","","pm.globals.set(\"appointment.dateStart\", ( Math.floor(Date.now() /1000) + 3600) ) // ADD 1 hour from now","pm.globals.set(\"appointment.dateEnd\", ( Math.floor(Date.now() /1000) + 7200)) // ADD 2 hour from now","","pm.globals.set(\"therapeutic.id\", uuid.v4())","pm.globals.set(\"therapeutic.firstName\", \"firstName\" + uuid.v4());"],"type":"text/javascript","packages":{}}},{"listen":"test","script":{"id":"b7d968b3-2d48-4df3-9de0-e7be35882d0d","exec":["pm.test(\"Status code is 201\", function () {","    pm.response.to.have.status(201);","});"," console.log( pm.globals.get(\"therapeutic.firstName\") + \".\" ","        + pm.globals.get(\"therapeutic.lastName\") +\".\" ","        + pm.globals.get(\"therapeutic.id\"))","","pm.test(\"Valid response\", function () {","    const response = pm.response.json();","","    pm.expect(response.externalId).to.eql(pm.globals.get(\"appointment.externalId\"))","    pm.expect(response.title).to.eql(pm.globals.get(\"appointment.title\"));","    pm.expect(response.comments[0]).to.eql(pm.globals.get(\"appointment.comments\"));","    pm.expect(response.dateStart).to.eql(pm.globals.get(\"appointment.dateStart\"));","    pm.expect(response.dateEnd).to.eql(pm.globals.get(\"appointment.dateEnd\"));","    pm.expect(response.status).to.eql(\"CONFIRMED\");","    pm.expect(response.consultationType).to.eql(pm.environment.get(\"consultationType\"))","    pm.expect(response.patients[0].patientId).to.eql(pm.globals.get(\"patient.id\"))","","    pm.expect(response.professionals[0].externalUniqueId).to.eql(pm.globals.get(\"therapeutic.id\"))","    pm.expect(response.professionals[0].externalId).to.eql(pm.globals.get(\"therapeutic.id\"))","    pm.expect(response.professionals[0].firstName).to.eql(pm.globals.get(\"therapeutic.firstName\"))","    pm.expect(response.professionals[0].lastName).to.eql(\"X\")","","    pm.expect(response.professionals[0].username).to.eql(","        (pm.globals.get(\"therapeutic.firstName\") + \".x.\" ","        + pm.globals.get(\"therapeutic.id\")).toLowerCase()","    )","    ","    pm.expect(response.professionals[0].email).to.null","    pm.expect(response.professionals[0].dob).to.null","    pm.expect(response.professionals[0].gender).to.null","    ","});","",""],"type":"text/javascript","packages":{}}}],"id":"0d4a9652-68ad-4bfc-a2e4-58ecea03e8e3","protocolProfileBehavior":{"disableBodyPruning":true},"request":{"auth":{"type":"bearer","bearer":[{"key":"token","value":"{{token}}","type":"string"}]},"method":"POST","header":[],"body":{"mode":"raw","raw":"{\n    \"externalId\": \"{{appointment.externalId}}\",\n    \"timeVisible\": true,\n    \"visible\": true,\n    \"title\": \"{{appointment.title}}\",\n    \"comments\": [\n        \"{{appointment.comments}}\"\n    ],\n    \"dateStart\": {{appointment.dateStart}},\n    \"dateEnd\": {{appointment.dateEnd}},\n    \"status\": \"CONFIRMED\",\n    \"type\": \"ON_SITE\",\n    \"integrationType\": \"CGM\",\n    \"cancelable\": true,\n    \"description\": \"{{appointment.description}}\",\n    \"consultationType\": \"{{consultationType}}\",\n    \"patients\": [\"{{patient.externalUniqueId}}\"],\n    \"professionals\": [],\n    \"therapeutic\": \"{{therapeutic.firstName}}\",\n    \"therapeuticId\": \"{{therapeutic.id}}\"\n}","options":{"raw":{"language":"json"}}},"url":{"raw":"{{url_integration}}/integrations/v2/appointments","host":["{{url_integration}}"],"path":["integrations","v2","appointments"]}},"response":[]},{"name":"Get Appointment By External ID - Test appointment with therapeutic Fist and no last name","event":[{"listen":"prerequest","script":{"id":"5977cee3-c728-4610-bc93-0e9100c43d1c","exec":[""],"type":"text/javascript","packages":{}}},{"listen":"test","script":{"id":"44b05fa4-519a-49f3-a2b0-92cd19501cd7","exec":["pm.test(\"Status code is 200\", function () {","    pm.response.to.have.status(200);","});","","","pm.test(\"Valid status Canceled\", function () {","    const response = pm.response.json();","","    pm.expect(response.externalId).to.eql(pm.globals.get(\"appointment.externalId\"))","    pm.expect(response.title).to.eql(pm.globals.get(\"appointment.title\"));","    pm.expect(response.comments[0]).to.eql(pm.globals.get(\"appointment.comments\"));","    pm.expect(response.dateStart).to.eql(pm.globals.get(\"appointment.dateStart\"));","    pm.expect(response.dateEnd).to.eql(pm.globals.get(\"appointment.dateEnd\"));","    pm.expect(response.status).to.eql(\"CONFIRMED\");","    pm.expect(response.consultationType).to.eql(pm.environment.get(\"consultationType\"))","    pm.expect(response.patients[0].patientId).to.eql(pm.globals.get(\"patient.id\"))","","     pm.expect(response.professionals[0].externalUniqueId).to.eql(pm.globals.get(\"therapeutic.id\"))","    pm.expect(response.professionals[0].externalId).to.eql(pm.globals.get(\"therapeutic.id\"))","    pm.expect(response.professionals[0].firstName).to.eql(pm.globals.get(\"therapeutic.firstName\"))","    pm.expect(response.professionals[0].lastName).to.eql(\"X\")","","    pm.expect(response.professionals[0].username).to.eql(","        (pm.globals.get(\"therapeutic.firstName\") + \".x.\" ","        + pm.globals.get(\"therapeutic.id\")).toLowerCase()","    )","    ","    pm.expect(response.professionals[0].email).to.null","    pm.expect(response.professionals[0].dob).to.null","    pm.expect(response.professionals[0].gender).to.null","});","",""],"type":"text/javascript","packages":{}}}],"id":"40c8eccc-7c7f-4c56-bdae-3082dbe7b4ab","protocolProfileBehavior":{"disableBodyPruning":true},"request":{"auth":{"type":"bearer","bearer":[{"key":"token","value":"{{token}}","type":"string"}]},"method":"GET","header":[],"body":{"mode":"raw","raw":"{\n    \"externalId\": \"{{appointment.externalId}}\",\n    \"timeVisible\": true,\n    \"visible\": true,\n    \"title\": \"{{appointment.title}}\",\n    \"comments\": [\n        \"{{appointment.comments}}\"\n    ],\n    \"dateStart\": {{appointment.dateStart}},\n    \"dateEnd\": {{appointment.dateEnd}},\n    \"status\": \"CONFIRMED\",\n    \"type\": \"ON_SITE\",\n    \"integrationType\": \"CGM\",\n    \"cancelable\": true,\n    \"description\": \"{{appointment.description}}\",\n    \"consultationType\": \"{{consultationType}}\",\n    \"patients\": [],\n    \"professionals\": [],\n    \"externalCaseId\" : \"{{case.externalId}}\"\n}","options":{"raw":{"language":"json"}}},"url":{"raw":"{{url_integration}}/integrations/v2/appointments/:appointmentExternalId","host":["{{url_integration}}"],"path":["integrations","v2","appointments",":appointmentExternalId"],"variable":[{"id":"8acae9ae-efcb-44b7-a22f-b729aa5e65b3","key":"appointmentExternalId","value":"{{appointment.externalId}}"}]}},"response":[]},{"name":"Update Appointment - Change professional","event":[{"listen":"prerequest","script":{"id":"f016c4f5-a6a5-4233-b9dc-612fd01220d0","exec":["","var uuid = require('uuid');","","","pm.globals.set(\"appointment.title\", \"title\" + uuid.v4() );","pm.globals.set(\"appointment.comments\", \"comment\" + uuid.v4() );","pm.globals.set(\"appointment.description\", \"description\" + uuid.v4() );","","pm.globals.set(\"appointment.dateStart\", ( Math.floor(Date.now() /1000) + 3600) ) // ADD 1 hour from now","pm.globals.set(\"appointment.dateEnd\", ( Math.floor(Date.now() /1000) + 7200)) // ADD 2 hour from now",""],"type":"text/javascript","packages":{}}},{"listen":"test","script":{"id":"737958ef-c2ee-467f-aeee-31356675443d","exec":["pm.test(\"Status code is 201\", function () {","    pm.response.to.have.status(201);","});","","pm.test(\"Valid response\", function () {","    const response = pm.response.json();","","    pm.expect(response.externalId).to.eql(pm.globals.get(\"appointment.externalId\"))","    pm.expect(response.title).to.eql(pm.globals.get(\"appointment.title\"));","    pm.expect(response.comments[0]).to.eql(pm.globals.get(\"appointment.comments\"));","    pm.expect(response.dateStart).to.eql(pm.globals.get(\"appointment.dateStart\"));","    pm.expect(response.dateEnd).to.eql(pm.globals.get(\"appointment.dateEnd\"));","    pm.expect(response.status).to.eql(\"CONFIRMED\");","    pm.expect(response.consultationType).to.eql(pm.environment.get(\"consultationType\"))","    pm.expect(response.patients[0].patientId).to.eql(pm.globals.get(\"patient.id\"))","","    pm.expect(response.professionals[0].externalUniqueId).to.eql(pm.environment.get(\"professional.externalUniqueId\"))","    ","    ","});","",""],"type":"text/javascript","packages":{}}}],"id":"4123844a-e0a5-44f7-a151-0d043346f012","protocolProfileBehavior":{"disableBodyPruning":true},"request":{"auth":{"type":"bearer","bearer":[{"key":"token","value":"{{token}}","type":"string"}]},"method":"POST","header":[],"body":{"mode":"raw","raw":"{\n    \"externalId\": \"{{appointment.externalId}}\",\n    \"timeVisible\": true,\n    \"visible\": true,\n    \"title\": \"{{appointment.title}}\",\n    \"comments\": [\n        \"{{appointment.comments}}\"\n    ],\n    \"dateStart\": {{appointment.dateStart}},\n    \"dateEnd\": {{appointment.dateEnd}},\n    \"status\": \"CONFIRMED\",\n    \"type\": \"ON_SITE\",\n    \"integrationType\": \"CGM\",\n    \"cancelable\": true,\n    \"description\": \"{{appointment.description}}\",\n    \"consultationType\": \"{{consultationType}}\",\n    \"patients\": [\"{{patient.externalUniqueId}}\"],\n    \"professionals\": [\n        \"{{professional.externalUniqueId}}\"\n    ]\n}","options":{"raw":{"language":"json"}}},"url":{"raw":"{{url_integration}}/integrations/v2/appointments","host":["{{url_integration}}"],"path":["integrations","v2","appointments"]}},"response":[]}]}