{"info":{"_postman_id":"bb2b1434-6404-4a99-b83c-e1f63221217b","name":"integrations-messages","schema":"https://schema.getpostman.com/json/collection/v2.1.0/collection.json"},"item":[{"name":"sendMessage","id":"320b2862-11a2-453b-a6f6-2cbcb22c98ae","protocolProfileBehavior":{"disableBodyPruning":true},"request":{"auth":{"type":"bearer","bearer":[{"key":"token","value":"{{ACCESS_TOKEN}}","type":"string"}]},"method":"POST","header":[],"body":{"mode":"raw","raw":"{\n    \"operation\": \"CONSENT_EXPORT\",\n    \"microservice\": \"mdoc-ms-patient\",\n    \"queue\": \"\",\n    \"exchange\": \"\",\n    \"message\": \"0c8e642d-b088-478e-ad9e-7629071e4a1e\",\n    \"attempts\": null,\n    \"tenantId\": \"e8dffd86-ad25-473d-9014-37ce77cd864a\"\n}","options":{"raw":{"language":"json"}}},"url":{"raw":"http://localhost:8100/api/integrations-messages/v1","protocol":"http","host":["localhost"],"port":"8100","path":["api","integrations-messages","v1"]}},"response":[]}]}