{"info":{"_postman_id":"c8036a1b-d99c-47a6-b897-bffeb9878167","name":"fhir-interface","schema":"https://schema.getpostman.com/json/collection/v2.1.0/collection.json"},"item":[{"name":"HAPI FHIR Local Server","item":[{"name":"HealthcareService","id":"d6dfdf97-a5d2-40aa-978a-f69923602822","protocolProfileBehavior":{"disableBodyPruning":true},"request":{"method":"GET","header":[],"url":{"raw":"http://localhost:8080/fhir/HealthcareService?_id=","protocol":"http","host":["localhost"],"port":"8080","path":["fhir","HealthcareService"],"query":[{"key":"_id","value":"","type":"text"}]}},"response":[]},{"name":"HealthcareService Copy","id":"0fc38267-6ae5-4bbf-8e79-d28dea0428ec","protocolProfileBehavior":{"disableBodyPruning":true},"request":{"method":"GET","header":[],"url":{"raw":"http://localhost:8080/fhir/HealthcareService?_id=","protocol":"http","host":["localhost"],"port":"8080","path":["fhir","HealthcareService"],"query":[{"key":"_id","value":"","type":"text"}]}},"response":[]},{"name":"HealthcareService","id":"bbedc484-3db3-481f-9849-55edc60e9666","protocolProfileBehavior":{"disableBodyPruning":true},"request":{"method":"POST","header":[],"body":{"mode":"raw","raw":"{\n  \"resourceType\": \"HealthcareService\",\n  \"active\": false,\n  \"category\": [\n    {\n      \"coding\": [\n        {\n          \"system\": \"http://terminology.hl7.org/CodeSystem/service-category\",\n          \"code\": \"31\",\n          \"display\": \"Specialist Surgical\"\n        }\n      ]\n    }\n  ],\n  \"type\": [\n    {\n      \"coding\": [\n        {\n          \"system\": \"http://terminology.hl7.org/CodeSystem/service-type\",\n          \"code\": \"221\",\n          \"display\": \"Cardiology\"\n        }\n      ]\n    }\n  ],\n  \"specialty\": [\n    {\n      \"coding\": [\n        {\n          \"system\": \"http://snomed.info/sct\",\n          \"code\": \"394579002\",\n          \"display\": \"Cardiology service\"\n        }\n      ]\n    }\n  ],\n  \"location\": [],\n  \"name\": \"Cardiology Clinic\",\n  \"comment\": \"Providing specialist cardiology outpatient services\",\n  \"extraDetails\": \"Consultations are by appointment only\",\n  \"telecom\": [\n    {\n      \"system\": \"phone\",\n      \"value\": \"(555) 555-5555\"\n    },\n    {\n      \"system\": \"email\",\n      \"value\": \"cardiology@example.org\"\n    }\n  ],\n  \"coverageArea\": [],\n  \"serviceProvisionCode\": [\n    {\n      \"coding\": [\n        {\n          \"system\": \"http://terminology.hl7.org/CodeSystem/service-provision-conditions\",\n          \"code\": \"cost\",\n          \"display\": \"Fees apply\"\n        }\n      ]\n    }\n  ],\n  \"eligibility\": [\n    {\n      \"code\": {\n        \"coding\": [\n          {\n            \"system\": \"http://terminology.hl7.org/CodeSystem/service-eligibility\",\n            \"code\": \"ins\",\n            \"display\": \"Insurance required\"\n          }\n        ]\n      },\n      \"comment\": \"Service requires valid health insurance coverage\"\n    }\n  ],\n  \"program\": [\n    {\n      \"text\": \"Veterans Care\"\n    }\n  ],\n  \"characteristic\": [\n    {\n      \"coding\": [\n        {\n          \"system\": \"http://snomed.info/sct\",\n          \"code\": \"394612005\",\n          \"display\": \"Wheelchair access\"\n        }\n      ]\n    }\n  ],\n  \"referralMethod\": [\n    {\n      \"coding\": [\n        {\n          \"system\": \"http://terminology.hl7.org/CodeSystem/service-referral-method\",\n          \"code\": \"phone\",\n          \"display\": \"By phone\"\n        }\n      ]\n    }\n  ],\n  \"appointmentRequired\": true,\n  \"availableTime\": [\n    {\n      \"daysOfWeek\": [\"mon\", \"tue\", \"wed\", \"thu\", \"fri\"],\n      \"allDay\": false,\n      \"availableStartTime\": \"08:00:00\",\n      \"availableEndTime\": \"17:00:00\"\n    }\n  ],\n  \"notAvailable\": [\n    {\n      \"description\": \"Christmas Day\",\n      \"during\": {\n        \"start\": \"2023-12-25\",\n        \"end\": \"2023-12-25\"\n      }\n    }\n  ],\n  \"availabilityExceptions\": \"Closed on public holidays\"\n}\n","options":{"raw":{"language":"json"}}},"url":{"raw":"http://localhost:8080/fhir/HealthcareService","protocol":"http","host":["localhost"],"port":"8080","path":["fhir","HealthcareService"]}},"response":[]},{"name":"HealthcareService","id":"b7e1647c-2679-48f0-bddb-e7f5fe80295b","protocolProfileBehavior":{"disableBodyPruning":true},"request":{"method":"PUT","header":[],"body":{"mode":"raw","raw":"{\n    \"resourceType\": \"HealthcareService\",\n    \"id\": \"16\",\n    \"meta\": {\n        \"versionId\": \"1\",\n        \"lastUpdated\": \"2024-02-01T15:16:49.270+00:00\",\n        \"source\": \"#ozS9PKcYE8JPV78w\"\n    },\n    \"active\": false,\n    \"category\": [\n        {\n            \"coding\": [\n                {\n                    \"system\": \"http://terminology.hl7.org/CodeSystem/service-category\",\n                    \"code\": \"31\",\n                    \"display\": \"Specialist Surgical\"\n                }\n            ]\n        }\n    ],\n    \"type\": [\n        {\n            \"coding\": [\n                {\n                    \"system\": \"http://terminology.hl7.org/CodeSystem/service-type\",\n                    \"code\": \"221\",\n                    \"display\": \"Cardiology\"\n                }\n            ]\n        }\n    ],\n    \"specialty\": [\n        {\n            \"coding\": [\n                {\n                    \"system\": \"http://snomed.info/sct\",\n                    \"code\": \"394579002\",\n                    \"display\": \"Cardiology service\"\n                }\n            ]\n        }\n    ],\n    \"name\": \"Cardiology Clinic\",\n    \"comment\": \"Providing specialist cardiology outpatient services\",\n    \"extraDetails\": \"Consultations are by appointment only\",\n    \"telecom\": [\n        {\n            \"system\": \"phone\",\n            \"value\": \"(555) 555-5555\"\n        },\n        {\n            \"system\": \"email\",\n            \"value\": \"cardiology@example.org\"\n        }\n    ],\n    \"serviceProvisionCode\": [\n        {\n            \"coding\": [\n                {\n                    \"system\": \"http://terminology.hl7.org/CodeSystem/service-provision-conditions\",\n                    \"code\": \"cost\",\n                    \"display\": \"Fees apply\"\n                }\n            ]\n        }\n    ],\n    \"eligibility\": [\n        {\n            \"code\": {\n                \"coding\": [\n                    {\n                        \"system\": \"http://terminology.hl7.org/CodeSystem/service-eligibility\",\n                        \"code\": \"ins\",\n                        \"display\": \"Insurance required\"\n                    }\n                ]\n            },\n            \"comment\": \"Service requires valid health insurance coverage\"\n        }\n    ],\n    \"program\": [\n        {\n            \"text\": \"Veterans Care\"\n        }\n    ],\n    \"characteristic\": [\n        {\n            \"coding\": [\n                {\n                    \"system\": \"http://snomed.info/sct\",\n                    \"code\": \"394612005\",\n                    \"display\": \"Wheelchair access\"\n                }\n            ]\n        }\n    ],\n    \"referralMethod\": [\n        {\n            \"coding\": [\n                {\n                    \"system\": \"http://terminology.hl7.org/CodeSystem/service-referral-method\",\n                    \"code\": \"phone\",\n                    \"display\": \"By phone\"\n                }\n            ]\n        }\n    ],\n    \"appointmentRequired\": true,\n    \"availableTime\": [\n        {\n            \"daysOfWeek\": [\n                \"mon\",\n                \"tue\",\n                \"wed\",\n                \"thu\",\n                \"fri\"\n            ],\n            \"allDay\": false,\n            \"availableStartTime\": \"08:00:00\",\n            \"availableEndTime\": \"17:00:00\"\n        }\n    ],\n    \"notAvailable\": [\n        {\n            \"description\": \"Christmas Day\",\n            \"during\": {\n                \"start\": \"2023-12-25\",\n                \"end\": \"2023-12-25\"\n            }\n        }\n    ],\n    \"availabilityExceptions\": \"Closed on public holidays\"\n}","options":{"raw":{"language":"json"}}},"url":{"raw":"http://localhost:8080/fhir/HealthcareService/:id","protocol":"http","host":["localhost"],"port":"8080","path":["fhir","HealthcareService",":id"],"query":[{"key":"","value":null,"type":"text","disabled":true}],"variable":[{"key":"id","value":"16"}]}},"response":[]},{"name":"HealthcareService","id":"e5a2e0bb-3f1c-4d98-be79-5f4c0b8c0f06","protocolProfileBehavior":{"disableBodyPruning":true},"request":{"method":"DELETE","header":[],"url":{"raw":"http://localhost:8080/fhir/HealthcareService/:id","protocol":"http","host":["localhost"],"port":"8080","path":["fhir","HealthcareService",":id"],"variable":[{"key":"id","value":"2"}]}},"response":[]},{"name":"getAllSlots","id":"4e17124b-9af9-411a-8d3e-ad848e225984","protocolProfileBehavior":{"disableBodyPruning":true,"disabledSystemHeaders":{"accept":true}},"request":{"method":"GET","header":[{"key":"Content-Type","value":"application/json","type":"text"},{"key":"","value":"","type":"text","disabled":true}],"url":{"raw":"https://hapi.fhir.org/baseR4/Slot?status=free&start=gt2024-03-24&start=lt2024-05-12","protocol":"https","host":["hapi","fhir","org"],"path":["baseR4","Slot"],"query":[{"key":"status","value":"free"},{"key":"start","value":"gt2024-03-24"},{"key":"start","value":"lt2024-05-12"}]}},"response":[]}],"id":"1d4c0ad5-0fcd-4265-9f4d-0f159f111d6e"},{"name":"HAPI FHIR Server Copy","item":[{"name":"HealthcareService","id":"09bc1a89-af43-4286-9566-738fbb21049a","protocolProfileBehavior":{"disableBodyPruning":true},"request":{"method":"GET","header":[],"url":{"raw":"http://localhost:8080/fhir/HealthcareService?_id=","protocol":"http","host":["localhost"],"port":"8080","path":["fhir","HealthcareService"],"query":[{"key":"_id","value":"","type":"text"}]}},"response":[]},{"name":"HealthcareService Copy","id":"4e99f7bc-13f1-4e8e-9d3c-aac0d8904b6a","protocolProfileBehavior":{"disableBodyPruning":true},"request":{"method":"GET","header":[],"url":{"raw":"http://localhost:8080/fhir/HealthcareService?_id=","protocol":"http","host":["localhost"],"port":"8080","path":["fhir","HealthcareService"],"query":[{"key":"_id","value":"","type":"text"}]}},"response":[]},{"name":"HealthcareService","id":"7bb3a31f-9252-4f5c-aa32-ab26746ed3e5","protocolProfileBehavior":{"disableBodyPruning":true},"request":{"method":"POST","header":[],"body":{"mode":"raw","raw":"{\n  \"resourceType\": \"HealthcareService\",\n  \"active\": false,\n  \"category\": [\n    {\n      \"coding\": [\n        {\n          \"system\": \"http://terminology.hl7.org/CodeSystem/service-category\",\n          \"code\": \"31\",\n          \"display\": \"Specialist Surgical\"\n        }\n      ]\n    }\n  ],\n  \"type\": [\n    {\n      \"coding\": [\n        {\n          \"system\": \"http://terminology.hl7.org/CodeSystem/service-type\",\n          \"code\": \"221\",\n          \"display\": \"Cardiology\"\n        }\n      ]\n    }\n  ],\n  \"specialty\": [\n    {\n      \"coding\": [\n        {\n          \"system\": \"http://snomed.info/sct\",\n          \"code\": \"394579002\",\n          \"display\": \"Cardiology service\"\n        }\n      ]\n    }\n  ],\n  \"location\": [],\n  \"name\": \"Cardiology Clinic\",\n  \"comment\": \"Providing specialist cardiology outpatient services\",\n  \"extraDetails\": \"Consultations are by appointment only\",\n  \"telecom\": [\n    {\n      \"system\": \"phone\",\n      \"value\": \"(555) 555-5555\"\n    },\n    {\n      \"system\": \"email\",\n      \"value\": \"cardiology@example.org\"\n    }\n  ],\n  \"coverageArea\": [],\n  \"serviceProvisionCode\": [\n    {\n      \"coding\": [\n        {\n          \"system\": \"http://terminology.hl7.org/CodeSystem/service-provision-conditions\",\n          \"code\": \"cost\",\n          \"display\": \"Fees apply\"\n        }\n      ]\n    }\n  ],\n  \"eligibility\": [\n    {\n      \"code\": {\n        \"coding\": [\n          {\n            \"system\": \"http://terminology.hl7.org/CodeSystem/service-eligibility\",\n            \"code\": \"ins\",\n            \"display\": \"Insurance required\"\n          }\n        ]\n      },\n      \"comment\": \"Service requires valid health insurance coverage\"\n    }\n  ],\n  \"program\": [\n    {\n      \"text\": \"Veterans Care\"\n    }\n  ],\n  \"characteristic\": [\n    {\n      \"coding\": [\n        {\n          \"system\": \"http://snomed.info/sct\",\n          \"code\": \"394612005\",\n          \"display\": \"Wheelchair access\"\n        }\n      ]\n    }\n  ],\n  \"referralMethod\": [\n    {\n      \"coding\": [\n        {\n          \"system\": \"http://terminology.hl7.org/CodeSystem/service-referral-method\",\n          \"code\": \"phone\",\n          \"display\": \"By phone\"\n        }\n      ]\n    }\n  ],\n  \"appointmentRequired\": true,\n  \"availableTime\": [\n    {\n      \"daysOfWeek\": [\"mon\", \"tue\", \"wed\", \"thu\", \"fri\"],\n      \"allDay\": false,\n      \"availableStartTime\": \"08:00:00\",\n      \"availableEndTime\": \"17:00:00\"\n    }\n  ],\n  \"notAvailable\": [\n    {\n      \"description\": \"Christmas Day\",\n      \"during\": {\n        \"start\": \"2023-12-25\",\n        \"end\": \"2023-12-25\"\n      }\n    }\n  ],\n  \"availabilityExceptions\": \"Closed on public holidays\"\n}\n","options":{"raw":{"language":"json"}}},"url":{"raw":"http://localhost:8080/fhir/HealthcareService","protocol":"http","host":["localhost"],"port":"8080","path":["fhir","HealthcareService"]}},"response":[]},{"name":"HealthcareService","id":"a0c304c0-5c3a-4e97-a7c7-b16642f1fe8e","protocolProfileBehavior":{"disableBodyPruning":true},"request":{"method":"PUT","header":[],"body":{"mode":"raw","raw":"{\n    \"resourceType\": \"HealthcareService\",\n    \"id\": \"16\",\n    \"meta\": {\n        \"versionId\": \"1\",\n        \"lastUpdated\": \"2024-02-01T15:16:49.270+00:00\",\n        \"source\": \"#ozS9PKcYE8JPV78w\"\n    },\n    \"active\": false,\n    \"category\": [\n        {\n            \"coding\": [\n                {\n                    \"system\": \"http://terminology.hl7.org/CodeSystem/service-category\",\n                    \"code\": \"31\",\n                    \"display\": \"Specialist Surgical\"\n                }\n            ]\n        }\n    ],\n    \"type\": [\n        {\n            \"coding\": [\n                {\n                    \"system\": \"http://terminology.hl7.org/CodeSystem/service-type\",\n                    \"code\": \"221\",\n                    \"display\": \"Cardiology\"\n                }\n            ]\n        }\n    ],\n    \"specialty\": [\n        {\n            \"coding\": [\n                {\n                    \"system\": \"http://snomed.info/sct\",\n                    \"code\": \"394579002\",\n                    \"display\": \"Cardiology service\"\n                }\n            ]\n        }\n    ],\n    \"name\": \"Cardiology Clinic\",\n    \"comment\": \"Providing specialist cardiology outpatient services\",\n    \"extraDetails\": \"Consultations are by appointment only\",\n    \"telecom\": [\n        {\n            \"system\": \"phone\",\n            \"value\": \"(555) 555-5555\"\n        },\n        {\n            \"system\": \"email\",\n            \"value\": \"cardiology@example.org\"\n        }\n    ],\n    \"serviceProvisionCode\": [\n        {\n            \"coding\": [\n                {\n                    \"system\": \"http://terminology.hl7.org/CodeSystem/service-provision-conditions\",\n                    \"code\": \"cost\",\n                    \"display\": \"Fees apply\"\n                }\n            ]\n        }\n    ],\n    \"eligibility\": [\n        {\n            \"code\": {\n                \"coding\": [\n                    {\n                        \"system\": \"http://terminology.hl7.org/CodeSystem/service-eligibility\",\n                        \"code\": \"ins\",\n                        \"display\": \"Insurance required\"\n                    }\n                ]\n            },\n            \"comment\": \"Service requires valid health insurance coverage\"\n        }\n    ],\n    \"program\": [\n        {\n            \"text\": \"Veterans Care\"\n        }\n    ],\n    \"characteristic\": [\n        {\n            \"coding\": [\n                {\n                    \"system\": \"http://snomed.info/sct\",\n                    \"code\": \"394612005\",\n                    \"display\": \"Wheelchair access\"\n                }\n            ]\n        }\n    ],\n    \"referralMethod\": [\n        {\n            \"coding\": [\n                {\n                    \"system\": \"http://terminology.hl7.org/CodeSystem/service-referral-method\",\n                    \"code\": \"phone\",\n                    \"display\": \"By phone\"\n                }\n            ]\n        }\n    ],\n    \"appointmentRequired\": true,\n    \"availableTime\": [\n        {\n            \"daysOfWeek\": [\n                \"mon\",\n                \"tue\",\n                \"wed\",\n                \"thu\",\n                \"fri\"\n            ],\n            \"allDay\": false,\n            \"availableStartTime\": \"08:00:00\",\n            \"availableEndTime\": \"17:00:00\"\n        }\n    ],\n    \"notAvailable\": [\n        {\n            \"description\": \"Christmas Day\",\n            \"during\": {\n                \"start\": \"2023-12-25\",\n                \"end\": \"2023-12-25\"\n            }\n        }\n    ],\n    \"availabilityExceptions\": \"Closed on public holidays\"\n}","options":{"raw":{"language":"json"}}},"url":{"raw":"http://localhost:8080/fhir/HealthcareService/:id","protocol":"http","host":["localhost"],"port":"8080","path":["fhir","HealthcareService",":id"],"query":[{"key":"","value":null,"type":"text","disabled":true}],"variable":[{"id":"1785aeec-da88-49f1-9ff8-ba8811344abf","key":"id","value":"16"}]}},"response":[]},{"name":"HealthcareService","id":"3dcf8d28-8740-4ec7-80b9-a8e7de9be737","protocolProfileBehavior":{"disableBodyPruning":true},"request":{"method":"DELETE","header":[],"url":{"raw":"http://localhost:8080/fhir/HealthcareService/:id","protocol":"http","host":["localhost"],"port":"8080","path":["fhir","HealthcareService",":id"],"variable":[{"id":"b285aa58-17f7-449e-a35d-86d0292d914b","key":"id","value":"2"}]}},"response":[]}],"id":"edd20b22-3e9d-4e93-ae8e-c1b3290cd65f"},{"name":"fhir-interfaces","item":[{"name":"HealthcareService","item":[{"name":"HealthcareServices","id":"7e9edfd4-4c8a-4399-9b33-b4dd957e68de","protocolProfileBehavior":{"disableBodyPruning":true},"request":{"auth":{"type":"bearer","bearer":[{"key":"token","value":"{{ACCESS_TOKEN}}","type":"string"}]},"method":"GET","header":[{"key":"accept","value":"application/json"}],"url":{"raw":"{{fhir_int_url}}/HealthcareService","host":["{{fhir_int_url}}"],"path":["HealthcareService"],"query":[{"key":"_id","value":"va-org-visn6-cboc1-hs5","disabled":true},{"key":"active","value":"true","type":"text","disabled":true},{"key":"speciality","value":"394579002","type":"text","disabled":true},{"key":"service-type","value":"221","type":"text","disabled":true},{"key":"name","value":"Social Work Services","type":"text","disabled":true}]}},"response":[]}],"id":"4c0fc3af-67ff-4295-91fc-ffa468f468ef"},{"name":"Schedule","item":[{"name":"getAllSchedules","id":"997b0583-3dd9-4244-a14a-922b9c9e230c","protocolProfileBehavior":{"disableBodyPruning":true},"request":{"auth":{"type":"bearer","bearer":[{"key":"token","value":"{{ACCESS_TOKEN}}","type":"string"}]},"method":"GET","header":[],"url":{"raw":"{{fhir_int_url}}/Schedule","host":["{{fhir_int_url}}"],"path":["Schedule"],"query":[{"key":"identifier","value":"58884","disabled":true},{"key":"actor","value":"HealthcareService/480744","disabled":true}]}},"response":[]}],"id":"79f68a7e-21a2-4e3d-b718-375b89e1d0fa"},{"name":"Slot","item":[{"name":"getAllSlots","id":"0b0bceef-b243-4053-b263-f151535f3759","protocolProfileBehavior":{"disableBodyPruning":true},"request":{"auth":{"type":"bearer","bearer":[{"key":"token","value":"{{ACCESS_TOKEN}}","type":"string"}]},"method":"GET","header":[],"url":{"raw":"{{fhir_int_url}}/Slot?service-type=5177","host":["{{fhir_int_url}}"],"path":["Slot"],"query":[{"key":"service-type","value":"5177"},{"key":"schedule","value":"6667","disabled":true},{"key":"start","value":"ge2024-05-08T10:45:31.449+05:30","disabled":true},{"key":"start","value":"lt2024-05-08T11:15:31.450+05:30","disabled":true}]}},"response":[]}],"id":"bc0a5c62-513c-4d95-82d2-902b196f038a"},{"name":"Tenants","id":"121c931d-1f6b-4f80-837a-87153af8e9b0","protocolProfileBehavior":{"disableBodyPruning":true},"request":{"auth":{"type":"bearer","bearer":[{"key":"token","value":"{{ACCESS_TOKEN}}","type":"string"}]},"method":"GET","header":[],"url":{"raw":"{{fhir_int_url}}/v1/tenants","host":["{{fhir_int_url}}"],"path":["v1","tenants"]}},"response":[]}],"id":"c167ff4b-94b8-45da-82dd-0a214832171f"}],"event":[{"listen":"prerequest","script":{"id":"9ebb984d-2914-45de-a5db-a6274a56308e","type":"text/javascript","exec":["pm.sendRequest({","    url: 'https://dev-app.mdoc.one/api/authorization/v1/account/login',","    method: 'POST',","    header: {","        'content-type': 'application/json',","        'accept': 'application/json'","    }","    ,","    body: {","        mode: 'raw',","        raw: JSON.stringify({ ","            username: pm.environment.get(\"username\"), ","            password: pm.environment.get(\"password\"),","            tenant: pm.environment.get(\"mdoc\") })","    }","}, function (err, res) {","    pm.environment.set(\"ACCESS_TOKEN\", res.json().token);","});"]}},{"listen":"test","script":{"id":"fdbd9d54-49d3-4d82-8072-b33855eedd26","type":"text/javascript","exec":[""]}}]}