{"info":{"_postman_id":"c972f440-cda6-42b2-8a44-de9b02695fcd","name":"Sprint Review - 28/02","schema":"https://schema.getpostman.com/json/collection/v2.1.0/collection.json"},"item":[{"name":"modc-ms-fhir-interface","item":[{"name":"GET All Tenants","id":"e65645cd-1dce-4334-b3c3-0e50648094d7","protocolProfileBehavior":{"disableBodyPruning":true},"request":{"auth":{"type":"bearer","bearer":[{"key":"token","value":"{{ACCESS_TOKEN}}","type":"string"}]},"method":"GET","header":[],"url":{"raw":"{{fhir_int_url}}/v1/tenants","host":["{{fhir_int_url}}"],"path":["v1","tenants"]}},"response":[]},{"name":"GET All Healthcare Services","id":"b84b46fc-8e39-4b27-ae50-068228fb9770","protocolProfileBehavior":{"disableBodyPruning":true},"request":{"auth":{"type":"bearer","bearer":[{"key":"token","value":"{{ACCESS_TOKEN}}","type":"string"}]},"method":"GET","header":[{"key":"accept","value":"application/json"}],"url":{"raw":"{{fhir_int_url}}/HealthcareService","host":["{{fhir_int_url}}"],"path":["HealthcareService"],"query":[{"key":"_id","value":"va-org-visn6-cboc1-hs5","disabled":true},{"key":"active","value":"true","type":"text","disabled":true},{"key":"speciality","value":"394579002","type":"text","disabled":true},{"key":"service-type","value":"221","type":"text","disabled":true},{"key":"name","value":"Social Work Services","type":"text","disabled":true}]}},"response":[]}],"id":"0afa2871-2d78-4a3a-bcbe-415e64c0c5aa"},{"name":"mdoc-ms-organization","item":[{"name":"HealthcareServices","item":[{"name":"GET All Healthcare Services","id":"b82b11dd-de9f-46db-9fc9-684a7c0274a6","protocolProfileBehavior":{"disableBodyPruning":true},"request":{"auth":{"type":"bearer","bearer":[{"key":"token","value":"{{ACCESS_TOKEN}}","type":"string"}]},"method":"GET","header":[],"url":{"raw":"{{org_url}}/v1/healthcare-services","host":["{{org_url}}"],"path":["v1","healthcare-services"],"query":[{"key":"name","value":"ImaginG","disabled":true},{"key":"code","value":"64225","disabled":true},{"key":"active","value":"true","disabled":true},{"key":"free","value":"false","type":"text","disabled":true}]}},"response":[]},{"name":"GET Healthcare Service By Id","id":"3fb04efe-6b2c-419c-a609-623927cd7b5e","protocolProfileBehavior":{"disableBodyPruning":true},"request":{"auth":{"type":"bearer","bearer":[{"key":"token","value":"{{ACCESS_TOKEN}}","type":"string"}]},"method":"GET","header":[],"url":{"raw":"{{org_url}}/v1/healthcare-services/:id","host":["{{org_url}}"],"path":["v1","healthcare-services",":id"],"variable":[{"id":"22ad813d-cfbb-41a7-b0c9-790947a1a81b","key":"id","value":"064a44e6-fcb0-4c23-b3cc-828388c8d422"}]}},"response":[]}],"id":"c457938f-7da7-42c8-b3d8-05f88beeb168"},{"name":"Structure","item":[{"name":"GET Structure By Parent Id (MEDICO 003)","id":"fad82bb7-6076-4d49-8c63-2efa715315e7","protocolProfileBehavior":{"disableBodyPruning":true},"request":{"auth":{"type":"bearer","bearer":[{"key":"token","value":"{{ACCESS_TOKEN}}","type":"string"}]},"method":"GET","header":[{"key":"Accept","value":"application/json"}],"url":{"raw":"{{org_url}}/v1/structures/:parentId","host":["{{org_url}}"],"path":["v1","structures",":parentId"],"variable":[{"key":"parentId","value":"28a6c73f-ed20-4573-bcc0-22ab02ea2a55"}]}},"response":[{"id":"a294f6fd-e5d4-440c-833e-d57d02cbe632","name":"Success","originalRequest":{"method":"GET","header":[{"key":"Accept","value":"application/json"},{"description":"Added as a part of security scheme: bearer","key":"Authorization","value":"Bearer <token>"}],"url":{"raw":"{{baseUrl}}/v1/structures/:parentId","host":["{{baseUrl}}"],"path":["v1","structures",":parentId"],"variable":[{"key":"parentId"}]}},"status":"OK","code":200,"_postman_previewlanguage":"json","header":[{"key":"Content-Type","value":"application/json"}],"cookie":[],"responseTime":null,"body":"{\n\t\"category\": {\n\t\t\"id\": \"WARD\",\n\t\t\"name\": \"eu labore\"\n\t},\n\t\"children\": [\n\t\t{\n\t\t\t\"value\": \"<Circular reference to #/components/schemas/StructureDetailResponse detected>\"\n\t\t},\n\t\t{\n\t\t\t\"value\": \"<Circular reference to #/components/schemas/StructureDetailResponse detected>\"\n\t\t}\n\t],\n\t\"name\": \"fugiat dolore tempor\",\n\t\"id\": \"997a805c-530e-2c3f-1d27-661d84d580ca\"\n}"},{"id":"f3a8f475-1f76-4ee8-815c-c2ce4db2a890","name":"Bad Request","originalRequest":{"method":"GET","header":[{"key":"Accept","value":"*/*"},{"description":"Added as a part of security scheme: bearer","key":"Authorization","value":"Bearer <token>"}],"url":{"raw":"{{baseUrl}}/v1/structures/:parentId","host":["{{baseUrl}}"],"path":["v1","structures",":parentId"],"variable":[{"key":"parentId"}]}},"status":"Bad Request","code":400,"_postman_previewlanguage":"text","header":[{"key":"Content-Type","value":"*/*"}],"cookie":[],"responseTime":null,"body":"{}"},{"id":"11b3a055-42c5-471a-a8b7-cdb8f4f147a3","name":"Unauthorized","originalRequest":{"method":"GET","header":[{"key":"Accept","value":"*/*"},{"description":"Added as a part of security scheme: bearer","key":"Authorization","value":"Bearer <token>"}],"url":{"raw":"{{baseUrl}}/v1/structures/:parentId","host":["{{baseUrl}}"],"path":["v1","structures",":parentId"],"variable":[{"key":"parentId"}]}},"status":"Unauthorized","code":401,"_postman_previewlanguage":"text","header":[{"key":"Content-Type","value":"*/*"}],"cookie":[],"responseTime":null,"body":"{}"},{"id":"c633c253-4d5e-4ab4-8921-10b319b3656e","name":"Forbidden","originalRequest":{"method":"GET","header":[{"key":"Accept","value":"*/*"},{"description":"Added as a part of security scheme: bearer","key":"Authorization","value":"Bearer <token>"}],"url":{"raw":"{{baseUrl}}/v1/structures/:parentId","host":["{{baseUrl}}"],"path":["v1","structures",":parentId"],"variable":[{"key":"parentId"}]}},"status":"Forbidden","code":403,"_postman_previewlanguage":"text","header":[{"key":"Content-Type","value":"*/*"}],"cookie":[],"responseTime":null,"body":"{}"},{"id":"fb9346b7-82a5-4100-a747-aa135e6ba4da","name":"Not Found","originalRequest":{"method":"GET","header":[{"key":"Accept","value":"*/*"},{"description":"Added as a part of security scheme: bearer","key":"Authorization","value":"Bearer <token>"}],"url":{"raw":"{{baseUrl}}/v1/structures/:parentId","host":["{{baseUrl}}"],"path":["v1","structures",":parentId"],"variable":[{"key":"parentId"}]}},"status":"Not Found","code":404,"_postman_previewlanguage":"text","header":[{"key":"Content-Type","value":"*/*"}],"cookie":[],"responseTime":null,"body":"{}"},{"id":"165be0cd-7167-4017-b3bf-0ee82357e2de","name":"Conflict","originalRequest":{"method":"GET","header":[{"key":"Accept","value":"*/*"},{"description":"Added as a part of security scheme: bearer","key":"Authorization","value":"Bearer <token>"}],"url":{"raw":"{{baseUrl}}/v1/structures/:parentId","host":["{{baseUrl}}"],"path":["v1","structures",":parentId"],"variable":[{"key":"parentId"}]}},"status":"Conflict","code":409,"_postman_previewlanguage":"text","header":[{"key":"Content-Type","value":"*/*"}],"cookie":[],"responseTime":null,"body":"{}"},{"id":"4231d089-7457-4aff-87e0-0b5ee4a88f80","name":"Internal Server Error","originalRequest":{"method":"GET","header":[{"key":"Accept","value":"*/*"},{"description":"Added as a part of security scheme: bearer","key":"Authorization","value":"Bearer <token>"}],"url":{"raw":"{{baseUrl}}/v1/structures/:parentId","host":["{{baseUrl}}"],"path":["v1","structures",":parentId"],"variable":[{"key":"parentId"}]}},"status":"Internal Server Error","code":500,"_postman_previewlanguage":"text","header":[{"key":"Content-Type","value":"*/*"}],"cookie":[],"responseTime":null,"body":"{}"},{"id":"d20ca5d5-1a27-4eb8-88d0-544b85f585d6","name":"Not Implemented","originalRequest":{"method":"GET","header":[{"key":"Accept","value":"*/*"},{"description":"Added as a part of security scheme: bearer","key":"Authorization","value":"Bearer <token>"}],"url":{"raw":"{{baseUrl}}/v1/structures/:parentId","host":["{{baseUrl}}"],"path":["v1","structures",":parentId"],"variable":[{"key":"parentId"}]}},"status":"Not Implemented","code":501,"_postman_previewlanguage":"text","header":[{"key":"Content-Type","value":"*/*"}],"cookie":[],"responseTime":null,"body":"{}"},{"id":"1abcb216-6813-42e9-9827-2d759aac9bce","name":"Bad Gateway","originalRequest":{"method":"GET","header":[{"key":"Accept","value":"*/*"},{"description":"Added as a part of security scheme: bearer","key":"Authorization","value":"Bearer <token>"}],"url":{"raw":"{{baseUrl}}/v1/structures/:parentId","host":["{{baseUrl}}"],"path":["v1","structures",":parentId"],"variable":[{"key":"parentId"}]}},"status":"Bad Gateway","code":502,"_postman_previewlanguage":"text","header":[{"key":"Content-Type","value":"*/*"}],"cookie":[],"responseTime":null,"body":"{}"},{"id":"93d859a4-c2fc-44e3-aabf-f630afb328eb","name":"Network Authentication Required","originalRequest":{"method":"GET","header":[{"key":"Accept","value":"*/*"},{"description":"Added as a part of security scheme: bearer","key":"Authorization","value":"Bearer <token>"}],"url":{"raw":"{{baseUrl}}/v1/structures/:parentId","host":["{{baseUrl}}"],"path":["v1","structures",":parentId"],"variable":[{"key":"parentId"}]}},"status":"Network Authentication Required","code":511,"_postman_previewlanguage":"text","header":[{"key":"Content-Type","value":"*/*"}],"cookie":[],"responseTime":null,"body":"{}"}]},{"name":"Create Structure","id":"82f3ec75-814a-4065-a597-e61c5b2dbb99","protocolProfileBehavior":{"disableBodyPruning":true},"request":{"auth":{"type":"bearer","bearer":[{"key":"token","value":"{{ACCESS_TOKEN}}","type":"string"}]},"method":"POST","header":[{"key":"Content-Type","value":"application/json"},{"key":"Accept","value":"application/json"}],"body":{"mode":"raw","raw":"{\n    \"name\": \"MEDICO Sprint Review\",\n    \"category\": \"ORGANIZATION\",\n    \"children\": [\n        {\n            \"name\": \"1 - TOP Level\",\n            \"category\": \"CLINIC\",\n            \"children\": [\n                {\n                    \"name\": \"1.1 - SUB Level\",\n                    \"$$id\": 2,\n                    \"category\": \"CLINIC\",\n                    \"children\": [],\n                    \"departments\": [],\n                    \"healthcareId\": \"00a2c124-6f0d-4fb8-8fe8-5cc07674665a\"\n                }\n            ],\n            \"$$id\": 1,\n            \"$$expanded\": true,\n            \"departments\": []\n        },\n        {\n            \"name\": \"2 - TOP Level\",\n            \"$$id\": 3,\n            \"category\": \"CLINIC\",\n            \"children\": [],\n            \"departments\": [],\n            \"healthcareId\": \"064a44e6-fcb0-4c23-b3cc-828388c8d422\"\n        },\n        {\n            \"name\": \"3 - TOP Level\",\n            \"$$id\": 4,\n            \"category\": \"CLINIC\",\n            \"children\": [\n                {\n                    \"name\": \"3.1 - SUB Level\",\n                    \"$$id\": 5,\n                    \"category\": \"CLINIC\",\n                    \"children\": [],\n                    \"departments\": [],\n                    \"healthcareId\": \"0a71bba4-bcba-4a26-85d3-4527333735d8\"\n                }\n            ],\n            \"departments\": [],\n            \"$$expanded\": true,\n            \"healthcareId\": \"14f47a36-dd35-4728-95d4-dcc000cc450e\"\n        }\n    ]\n}","options":{"raw":{"headerFamily":"json","language":"json"}}},"url":{"raw":"{{org_url}}/v1/structures","host":["{{org_url}}"],"path":["v1","structures"]}},"response":[{"id":"0b6134f4-bf52-4963-883a-ba95ac6fbd50","name":"Success","originalRequest":{"method":"POST","header":[{"key":"Content-Type","value":"application/json"},{"key":"Accept","value":"application/json"},{"description":"Added as a part of security scheme: bearer","key":"Authorization","value":"Bearer <token>"}],"body":{"mode":"raw","raw":"{\n\t\"category\": \"CLINIC\",\n\t\"children\": [\n\t\t{\n\t\t\t\"value\": \"<Circular reference to #/components/schemas/StructureRequest detected>\"\n\t\t},\n\t\t{\n\t\t\t\"value\": \"<Circular reference to #/components/schemas/StructureRequest detected>\"\n\t\t}\n\t],\n\t\"name\": \"fugiat\",\n\t\"id\": \"urn:uuid:4e956952-c1f5-15bd-fd43-a7024d43048f\"\n}","options":{"raw":{"headerFamily":"json","language":"json"}}},"url":{"raw":"{{baseUrl}}/v1/structures","host":["{{baseUrl}}"],"path":["v1","structures"]}},"status":"OK","code":200,"_postman_previewlanguage":"json","header":[{"key":"Content-Type","value":"application/json"}],"cookie":[],"responseTime":null,"body":"{\n\t\"category\": {\n\t\t\"id\": \"WARD\",\n\t\t\"name\": \"eu labore\"\n\t},\n\t\"children\": [\n\t\t{\n\t\t\t\"value\": \"<Circular reference to #/components/schemas/StructureDetailResponse detected>\"\n\t\t},\n\t\t{\n\t\t\t\"value\": \"<Circular reference to #/components/schemas/StructureDetailResponse detected>\"\n\t\t}\n\t],\n\t\"name\": \"fugiat dolore tempor\",\n\t\"id\": \"997a805c-530e-2c3f-1d27-661d84d580ca\"\n}"},{"id":"29ae9f06-c116-4ee1-9d68-e604049e7211","name":"Bad Request","originalRequest":{"method":"POST","header":[{"key":"Content-Type","value":"application/json"},{"key":"Accept","value":"*/*"},{"description":"Added as a part of security scheme: bearer","key":"Authorization","value":"Bearer <token>"}],"body":{"mode":"raw","raw":"{\n\t\"category\": \"CLINIC\",\n\t\"children\": [\n\t\t{\n\t\t\t\"value\": \"<Circular reference to #/components/schemas/StructureRequest detected>\"\n\t\t},\n\t\t{\n\t\t\t\"value\": \"<Circular reference to #/components/schemas/StructureRequest detected>\"\n\t\t}\n\t],\n\t\"name\": \"fugiat\",\n\t\"id\": \"urn:uuid:4e956952-c1f5-15bd-fd43-a7024d43048f\"\n}","options":{"raw":{"headerFamily":"json","language":"json"}}},"url":{"raw":"{{baseUrl}}/v1/structures","host":["{{baseUrl}}"],"path":["v1","structures"]}},"status":"Bad Request","code":400,"_postman_previewlanguage":"text","header":[{"key":"Content-Type","value":"*/*"}],"cookie":[],"responseTime":null,"body":"{}"},{"id":"3ad87fbf-3792-4a67-93b7-f5860a9942e1","name":"Unauthorized","originalRequest":{"method":"POST","header":[{"key":"Content-Type","value":"application/json"},{"key":"Accept","value":"*/*"},{"description":"Added as a part of security scheme: bearer","key":"Authorization","value":"Bearer <token>"}],"body":{"mode":"raw","raw":"{\n\t\"category\": \"CLINIC\",\n\t\"children\": [\n\t\t{\n\t\t\t\"value\": \"<Circular reference to #/components/schemas/StructureRequest detected>\"\n\t\t},\n\t\t{\n\t\t\t\"value\": \"<Circular reference to #/components/schemas/StructureRequest detected>\"\n\t\t}\n\t],\n\t\"name\": \"fugiat\",\n\t\"id\": \"urn:uuid:4e956952-c1f5-15bd-fd43-a7024d43048f\"\n}","options":{"raw":{"headerFamily":"json","language":"json"}}},"url":{"raw":"{{baseUrl}}/v1/structures","host":["{{baseUrl}}"],"path":["v1","structures"]}},"status":"Unauthorized","code":401,"_postman_previewlanguage":"text","header":[{"key":"Content-Type","value":"*/*"}],"cookie":[],"responseTime":null,"body":"{}"},{"id":"8b92fc18-18a4-4c4a-bcf3-4092e2e0bea2","name":"Forbidden","originalRequest":{"method":"POST","header":[{"key":"Content-Type","value":"application/json"},{"key":"Accept","value":"*/*"},{"description":"Added as a part of security scheme: bearer","key":"Authorization","value":"Bearer <token>"}],"body":{"mode":"raw","raw":"{\n\t\"category\": \"CLINIC\",\n\t\"children\": [\n\t\t{\n\t\t\t\"value\": \"<Circular reference to #/components/schemas/StructureRequest detected>\"\n\t\t},\n\t\t{\n\t\t\t\"value\": \"<Circular reference to #/components/schemas/StructureRequest detected>\"\n\t\t}\n\t],\n\t\"name\": \"fugiat\",\n\t\"id\": \"urn:uuid:4e956952-c1f5-15bd-fd43-a7024d43048f\"\n}","options":{"raw":{"headerFamily":"json","language":"json"}}},"url":{"raw":"{{baseUrl}}/v1/structures","host":["{{baseUrl}}"],"path":["v1","structures"]}},"status":"Forbidden","code":403,"_postman_previewlanguage":"text","header":[{"key":"Content-Type","value":"*/*"}],"cookie":[],"responseTime":null,"body":"{}"},{"id":"eb305daf-c22b-4a80-83b6-fb0d67212bf4","name":"Not Found","originalRequest":{"method":"POST","header":[{"key":"Content-Type","value":"application/json"},{"key":"Accept","value":"*/*"},{"description":"Added as a part of security scheme: bearer","key":"Authorization","value":"Bearer <token>"}],"body":{"mode":"raw","raw":"{\n\t\"category\": \"CLINIC\",\n\t\"children\": [\n\t\t{\n\t\t\t\"value\": \"<Circular reference to #/components/schemas/StructureRequest detected>\"\n\t\t},\n\t\t{\n\t\t\t\"value\": \"<Circular reference to #/components/schemas/StructureRequest detected>\"\n\t\t}\n\t],\n\t\"name\": \"fugiat\",\n\t\"id\": \"urn:uuid:4e956952-c1f5-15bd-fd43-a7024d43048f\"\n}","options":{"raw":{"headerFamily":"json","language":"json"}}},"url":{"raw":"{{baseUrl}}/v1/structures","host":["{{baseUrl}}"],"path":["v1","structures"]}},"status":"Not Found","code":404,"_postman_previewlanguage":"text","header":[{"key":"Content-Type","value":"*/*"}],"cookie":[],"responseTime":null,"body":"{}"},{"id":"70cd7fa7-f452-4216-a722-b3c703610698","name":"Conflict","originalRequest":{"method":"POST","header":[{"key":"Content-Type","value":"application/json"},{"key":"Accept","value":"*/*"},{"description":"Added as a part of security scheme: bearer","key":"Authorization","value":"Bearer <token>"}],"body":{"mode":"raw","raw":"{\n\t\"category\": \"CLINIC\",\n\t\"children\": [\n\t\t{\n\t\t\t\"value\": \"<Circular reference to #/components/schemas/StructureRequest detected>\"\n\t\t},\n\t\t{\n\t\t\t\"value\": \"<Circular reference to #/components/schemas/StructureRequest detected>\"\n\t\t}\n\t],\n\t\"name\": \"fugiat\",\n\t\"id\": \"urn:uuid:4e956952-c1f5-15bd-fd43-a7024d43048f\"\n}","options":{"raw":{"headerFamily":"json","language":"json"}}},"url":{"raw":"{{baseUrl}}/v1/structures","host":["{{baseUrl}}"],"path":["v1","structures"]}},"status":"Conflict","code":409,"_postman_previewlanguage":"text","header":[{"key":"Content-Type","value":"*/*"}],"cookie":[],"responseTime":null,"body":"{}"},{"id":"c7901377-6a80-497b-aa78-51b9049da39c","name":"Internal Server Error","originalRequest":{"method":"POST","header":[{"key":"Content-Type","value":"application/json"},{"key":"Accept","value":"*/*"},{"description":"Added as a part of security scheme: bearer","key":"Authorization","value":"Bearer <token>"}],"body":{"mode":"raw","raw":"{\n\t\"category\": \"CLINIC\",\n\t\"children\": [\n\t\t{\n\t\t\t\"value\": \"<Circular reference to #/components/schemas/StructureRequest detected>\"\n\t\t},\n\t\t{\n\t\t\t\"value\": \"<Circular reference to #/components/schemas/StructureRequest detected>\"\n\t\t}\n\t],\n\t\"name\": \"fugiat\",\n\t\"id\": \"urn:uuid:4e956952-c1f5-15bd-fd43-a7024d43048f\"\n}","options":{"raw":{"headerFamily":"json","language":"json"}}},"url":{"raw":"{{baseUrl}}/v1/structures","host":["{{baseUrl}}"],"path":["v1","structures"]}},"status":"Internal Server Error","code":500,"_postman_previewlanguage":"text","header":[{"key":"Content-Type","value":"*/*"}],"cookie":[],"responseTime":null,"body":"{}"},{"id":"21cc39f2-7adb-4109-9b21-31a21341f06b","name":"Not Implemented","originalRequest":{"method":"POST","header":[{"key":"Content-Type","value":"application/json"},{"key":"Accept","value":"*/*"},{"description":"Added as a part of security scheme: bearer","key":"Authorization","value":"Bearer <token>"}],"body":{"mode":"raw","raw":"{\n\t\"category\": \"CLINIC\",\n\t\"children\": [\n\t\t{\n\t\t\t\"value\": \"<Circular reference to #/components/schemas/StructureRequest detected>\"\n\t\t},\n\t\t{\n\t\t\t\"value\": \"<Circular reference to #/components/schemas/StructureRequest detected>\"\n\t\t}\n\t],\n\t\"name\": \"fugiat\",\n\t\"id\": \"urn:uuid:4e956952-c1f5-15bd-fd43-a7024d43048f\"\n}","options":{"raw":{"headerFamily":"json","language":"json"}}},"url":{"raw":"{{baseUrl}}/v1/structures","host":["{{baseUrl}}"],"path":["v1","structures"]}},"status":"Not Implemented","code":501,"_postman_previewlanguage":"text","header":[{"key":"Content-Type","value":"*/*"}],"cookie":[],"responseTime":null,"body":"{}"},{"id":"41aa20eb-836f-4781-aba7-b2fdc3e1f0c2","name":"Bad Gateway","originalRequest":{"method":"POST","header":[{"key":"Content-Type","value":"application/json"},{"key":"Accept","value":"*/*"},{"description":"Added as a part of security scheme: bearer","key":"Authorization","value":"Bearer <token>"}],"body":{"mode":"raw","raw":"{\n\t\"category\": \"CLINIC\",\n\t\"children\": [\n\t\t{\n\t\t\t\"value\": \"<Circular reference to #/components/schemas/StructureRequest detected>\"\n\t\t},\n\t\t{\n\t\t\t\"value\": \"<Circular reference to #/components/schemas/StructureRequest detected>\"\n\t\t}\n\t],\n\t\"name\": \"fugiat\",\n\t\"id\": \"urn:uuid:4e956952-c1f5-15bd-fd43-a7024d43048f\"\n}","options":{"raw":{"headerFamily":"json","language":"json"}}},"url":{"raw":"{{baseUrl}}/v1/structures","host":["{{baseUrl}}"],"path":["v1","structures"]}},"status":"Bad Gateway","code":502,"_postman_previewlanguage":"text","header":[{"key":"Content-Type","value":"*/*"}],"cookie":[],"responseTime":null,"body":"{}"},{"id":"733a8eaf-77cd-47c0-bcb4-5ccfb603c756","name":"Network Authentication Required","originalRequest":{"method":"POST","header":[{"key":"Content-Type","value":"application/json"},{"key":"Accept","value":"*/*"},{"description":"Added as a part of security scheme: bearer","key":"Authorization","value":"Bearer <token>"}],"body":{"mode":"raw","raw":"{\n\t\"category\": \"CLINIC\",\n\t\"children\": [\n\t\t{\n\t\t\t\"value\": \"<Circular reference to #/components/schemas/StructureRequest detected>\"\n\t\t},\n\t\t{\n\t\t\t\"value\": \"<Circular reference to #/components/schemas/StructureRequest detected>\"\n\t\t}\n\t],\n\t\"name\": \"fugiat\",\n\t\"id\": \"urn:uuid:4e956952-c1f5-15bd-fd43-a7024d43048f\"\n}","options":{"raw":{"headerFamily":"json","language":"json"}}},"url":{"raw":"{{baseUrl}}/v1/structures","host":["{{baseUrl}}"],"path":["v1","structures"]}},"status":"Network Authentication Required","code":511,"_postman_previewlanguage":"text","header":[{"key":"Content-Type","value":"*/*"}],"cookie":[],"responseTime":null,"body":"{}"}]},{"name":"GET Structure By Parent Id (Sprint Review)","id":"b9d90e57-875e-47a1-bfd7-ace0ae8d8b7c","protocolProfileBehavior":{"disableBodyPruning":true},"request":{"auth":{"type":"bearer","bearer":[{"key":"token","value":"{{ACCESS_TOKEN}}","type":"string"}]},"method":"GET","header":[{"key":"Accept","value":"application/json"}],"url":{"raw":"{{org_url}}/v1/structures/:parentId","host":["{{org_url}}"],"path":["v1","structures",":parentId"],"variable":[{"key":"parentId","value":"5d4e8615-bdc5-4d43-9ec2-2449210af186"}]}},"response":[{"id":"955758ae-0f08-404e-8574-1452dbb41244","name":"Success","originalRequest":{"method":"GET","header":[{"key":"Accept","value":"application/json"},{"description":"Added as a part of security scheme: bearer","key":"Authorization","value":"Bearer <token>"}],"url":{"raw":"{{baseUrl}}/v1/structures/:parentId","host":["{{baseUrl}}"],"path":["v1","structures",":parentId"],"variable":[{"key":"parentId"}]}},"status":"OK","code":200,"_postman_previewlanguage":"json","header":[{"key":"Content-Type","value":"application/json"}],"cookie":[],"responseTime":null,"body":"{\n\t\"category\": {\n\t\t\"id\": \"WARD\",\n\t\t\"name\": \"eu labore\"\n\t},\n\t\"children\": [\n\t\t{\n\t\t\t\"value\": \"<Circular reference to #/components/schemas/StructureDetailResponse detected>\"\n\t\t},\n\t\t{\n\t\t\t\"value\": \"<Circular reference to #/components/schemas/StructureDetailResponse detected>\"\n\t\t}\n\t],\n\t\"name\": \"fugiat dolore tempor\",\n\t\"id\": \"997a805c-530e-2c3f-1d27-661d84d580ca\"\n}"},{"id":"d315fcfe-5508-46b0-a67f-9082e4f46426","name":"Bad Request","originalRequest":{"method":"GET","header":[{"key":"Accept","value":"*/*"},{"description":"Added as a part of security scheme: bearer","key":"Authorization","value":"Bearer <token>"}],"url":{"raw":"{{baseUrl}}/v1/structures/:parentId","host":["{{baseUrl}}"],"path":["v1","structures",":parentId"],"variable":[{"key":"parentId"}]}},"status":"Bad Request","code":400,"_postman_previewlanguage":"text","header":[{"key":"Content-Type","value":"*/*"}],"cookie":[],"responseTime":null,"body":"{}"},{"id":"e8d2703f-9bc3-4b56-9328-1a30c9d39329","name":"Unauthorized","originalRequest":{"method":"GET","header":[{"key":"Accept","value":"*/*"},{"description":"Added as a part of security scheme: bearer","key":"Authorization","value":"Bearer <token>"}],"url":{"raw":"{{baseUrl}}/v1/structures/:parentId","host":["{{baseUrl}}"],"path":["v1","structures",":parentId"],"variable":[{"key":"parentId"}]}},"status":"Unauthorized","code":401,"_postman_previewlanguage":"text","header":[{"key":"Content-Type","value":"*/*"}],"cookie":[],"responseTime":null,"body":"{}"},{"id":"c1f1fd0e-08ff-4c73-a511-e83ee4177393","name":"Forbidden","originalRequest":{"method":"GET","header":[{"key":"Accept","value":"*/*"},{"description":"Added as a part of security scheme: bearer","key":"Authorization","value":"Bearer <token>"}],"url":{"raw":"{{baseUrl}}/v1/structures/:parentId","host":["{{baseUrl}}"],"path":["v1","structures",":parentId"],"variable":[{"key":"parentId"}]}},"status":"Forbidden","code":403,"_postman_previewlanguage":"text","header":[{"key":"Content-Type","value":"*/*"}],"cookie":[],"responseTime":null,"body":"{}"},{"id":"af72064a-f52c-4000-a665-c7df515384de","name":"Not Found","originalRequest":{"method":"GET","header":[{"key":"Accept","value":"*/*"},{"description":"Added as a part of security scheme: bearer","key":"Authorization","value":"Bearer <token>"}],"url":{"raw":"{{baseUrl}}/v1/structures/:parentId","host":["{{baseUrl}}"],"path":["v1","structures",":parentId"],"variable":[{"key":"parentId"}]}},"status":"Not Found","code":404,"_postman_previewlanguage":"text","header":[{"key":"Content-Type","value":"*/*"}],"cookie":[],"responseTime":null,"body":"{}"},{"id":"1c42acf5-ef86-4688-baf3-9c183e0aa221","name":"Conflict","originalRequest":{"method":"GET","header":[{"key":"Accept","value":"*/*"},{"description":"Added as a part of security scheme: bearer","key":"Authorization","value":"Bearer <token>"}],"url":{"raw":"{{baseUrl}}/v1/structures/:parentId","host":["{{baseUrl}}"],"path":["v1","structures",":parentId"],"variable":[{"key":"parentId"}]}},"status":"Conflict","code":409,"_postman_previewlanguage":"text","header":[{"key":"Content-Type","value":"*/*"}],"cookie":[],"responseTime":null,"body":"{}"},{"id":"ea4b3d3f-5f00-4ef5-979f-b1609963075f","name":"Internal Server Error","originalRequest":{"method":"GET","header":[{"key":"Accept","value":"*/*"},{"description":"Added as a part of security scheme: bearer","key":"Authorization","value":"Bearer <token>"}],"url":{"raw":"{{baseUrl}}/v1/structures/:parentId","host":["{{baseUrl}}"],"path":["v1","structures",":parentId"],"variable":[{"key":"parentId"}]}},"status":"Internal Server Error","code":500,"_postman_previewlanguage":"text","header":[{"key":"Content-Type","value":"*/*"}],"cookie":[],"responseTime":null,"body":"{}"},{"id":"9057a583-e8e7-4e25-8e58-1e7f3b7d86f3","name":"Not Implemented","originalRequest":{"method":"GET","header":[{"key":"Accept","value":"*/*"},{"description":"Added as a part of security scheme: bearer","key":"Authorization","value":"Bearer <token>"}],"url":{"raw":"{{baseUrl}}/v1/structures/:parentId","host":["{{baseUrl}}"],"path":["v1","structures",":parentId"],"variable":[{"key":"parentId"}]}},"status":"Not Implemented","code":501,"_postman_previewlanguage":"text","header":[{"key":"Content-Type","value":"*/*"}],"cookie":[],"responseTime":null,"body":"{}"},{"id":"5ad94091-b623-4c25-94b2-5e457572f32f","name":"Bad Gateway","originalRequest":{"method":"GET","header":[{"key":"Accept","value":"*/*"},{"description":"Added as a part of security scheme: bearer","key":"Authorization","value":"Bearer <token>"}],"url":{"raw":"{{baseUrl}}/v1/structures/:parentId","host":["{{baseUrl}}"],"path":["v1","structures",":parentId"],"variable":[{"key":"parentId"}]}},"status":"Bad Gateway","code":502,"_postman_previewlanguage":"text","header":[{"key":"Content-Type","value":"*/*"}],"cookie":[],"responseTime":null,"body":"{}"},{"id":"51bccb5e-c107-46e6-bc89-e15816e20e58","name":"Network Authentication Required","originalRequest":{"method":"GET","header":[{"key":"Accept","value":"*/*"},{"description":"Added as a part of security scheme: bearer","key":"Authorization","value":"Bearer <token>"}],"url":{"raw":"{{baseUrl}}/v1/structures/:parentId","host":["{{baseUrl}}"],"path":["v1","structures",":parentId"],"variable":[{"key":"parentId"}]}},"status":"Network Authentication Required","code":511,"_postman_previewlanguage":"text","header":[{"key":"Content-Type","value":"*/*"}],"cookie":[],"responseTime":null,"body":"{}"}]},{"name":"UPDATE Structure By Parent Id","id":"3805cf96-c935-4667-95d3-7f831d71559f","protocolProfileBehavior":{"disableBodyPruning":true},"request":{"auth":{"type":"bearer","bearer":[{"key":"token","value":"{{ACCESS_TOKEN}}","type":"string"}]},"method":"PUT","header":[{"key":"Content-Type","value":"application/json"},{"key":"Accept","value":"application/json"}],"body":{"mode":"raw","raw":"{\n    \"id\": \"5d4e8615-bdc5-4d43-9ec2-2449210af186\",\n    \"name\": \"MEDICO Sprint Review\",\n    \"category\": \"ORGANIZATION\",\n    \"children\": [\n        {\n            \"id\": \"45c36bb2-7827-4433-9f0b-52c181dd1b4b\",\n            \"name\": \"3 - TOP Level\",\n            \"category\": \"CLINIC\",\n            \"children\": [\n                {\n                    \"id\": \"7643a61c-40f4-4162-8c21-a45e9df618c4\",\n                    \"name\": \"3.1 - SUB Level\",\n                    \"category\": \"CLINIC\",\n                    \"healthcareId\": \"0a71bba4-bcba-4a26-85d3-4527333735d8\"\n                }\n            ],\n            \"healthcareId\": \"14f47a36-dd35-4728-95d4-dcc000cc450e\"\n        },\n        {\n            \"id\": \"a0799e7d-d7bc-4cd0-8ee7-14ffd31636b7\",\n            \"name\": \"2 - TOP Level\",\n            \"category\": \"CLINIC\",\n            \"healthcareId\": \"064a44e6-fcb0-4c23-b3cc-828388c8d422\"\n        },\n        {\n            \"id\": \"fb8b1de8-5afd-49f9-af97-ae04fa8e1cc5\",\n            \"name\": \"1 - TOP Level\",\n            \"category\": \"CLINIC\",\n            \"children\": [\n                {\n                    \"id\": \"92e50423-d267-42e4-b614-ba7a9d9d6bda\",\n                    \"name\": \"1.1 - SUB Level\",\n                    \"category\": \"CLINIC\",\n                    \"healthcareId\": \"00a2c124-6f0d-4fb8-8fe8-5cc07674665a\"\n                }\n            ]\n        }\n    ]\n}","options":{"raw":{"headerFamily":"json","language":"json"}}},"url":{"raw":"{{org_url}}/v1/structures/:parentId","host":["{{org_url}}"],"path":["v1","structures",":parentId"],"variable":[{"key":"parentId","value":"5d4e8615-bdc5-4d43-9ec2-2449210af186"}]}},"response":[{"id":"ccb8465e-98cc-4518-b493-01c43e3efc50","name":"Success","originalRequest":{"method":"PUT","header":[{"key":"Content-Type","value":"application/json"},{"key":"Accept","value":"application/json"},{"description":"Added as a part of security scheme: bearer","key":"Authorization","value":"Bearer <token>"}],"body":{"mode":"raw","raw":"{\n\t\"category\": \"CLINIC\",\n\t\"children\": [\n\t\t{\n\t\t\t\"value\": \"<Circular reference to #/components/schemas/StructureRequest detected>\"\n\t\t},\n\t\t{\n\t\t\t\"value\": \"<Circular reference to #/components/schemas/StructureRequest detected>\"\n\t\t}\n\t],\n\t\"name\": \"fugiat\",\n\t\"id\": \"urn:uuid:4e956952-c1f5-15bd-fd43-a7024d43048f\"\n}","options":{"raw":{"headerFamily":"json","language":"json"}}},"url":{"raw":"{{baseUrl}}/v1/structures/:parentId","host":["{{baseUrl}}"],"path":["v1","structures",":parentId"],"variable":[{"key":"parentId"}]}},"status":"OK","code":200,"_postman_previewlanguage":"json","header":[{"key":"Content-Type","value":"application/json"}],"cookie":[],"responseTime":null,"body":"{\n\t\"category\": {\n\t\t\"id\": \"WARD\",\n\t\t\"name\": \"eu labore\"\n\t},\n\t\"children\": [\n\t\t{\n\t\t\t\"value\": \"<Circular reference to #/components/schemas/StructureDetailResponse detected>\"\n\t\t},\n\t\t{\n\t\t\t\"value\": \"<Circular reference to #/components/schemas/StructureDetailResponse detected>\"\n\t\t}\n\t],\n\t\"name\": \"fugiat dolore tempor\",\n\t\"id\": \"997a805c-530e-2c3f-1d27-661d84d580ca\"\n}"},{"id":"90fd95c2-1c7a-49c8-9df4-bebddd048706","name":"Bad Request","originalRequest":{"method":"PUT","header":[{"key":"Content-Type","value":"application/json"},{"key":"Accept","value":"*/*"},{"description":"Added as a part of security scheme: bearer","key":"Authorization","value":"Bearer <token>"}],"body":{"mode":"raw","raw":"{\n\t\"category\": \"CLINIC\",\n\t\"children\": [\n\t\t{\n\t\t\t\"value\": \"<Circular reference to #/components/schemas/StructureRequest detected>\"\n\t\t},\n\t\t{\n\t\t\t\"value\": \"<Circular reference to #/components/schemas/StructureRequest detected>\"\n\t\t}\n\t],\n\t\"name\": \"fugiat\",\n\t\"id\": \"urn:uuid:4e956952-c1f5-15bd-fd43-a7024d43048f\"\n}","options":{"raw":{"headerFamily":"json","language":"json"}}},"url":{"raw":"{{baseUrl}}/v1/structures/:parentId","host":["{{baseUrl}}"],"path":["v1","structures",":parentId"],"variable":[{"key":"parentId"}]}},"status":"Bad Request","code":400,"_postman_previewlanguage":"text","header":[{"key":"Content-Type","value":"*/*"}],"cookie":[],"responseTime":null,"body":"{}"},{"id":"fb6712b9-3f06-49a7-ba5b-7c05b9b750fa","name":"Unauthorized","originalRequest":{"method":"PUT","header":[{"key":"Content-Type","value":"application/json"},{"key":"Accept","value":"*/*"},{"description":"Added as a part of security scheme: bearer","key":"Authorization","value":"Bearer <token>"}],"body":{"mode":"raw","raw":"{\n\t\"category\": \"CLINIC\",\n\t\"children\": [\n\t\t{\n\t\t\t\"value\": \"<Circular reference to #/components/schemas/StructureRequest detected>\"\n\t\t},\n\t\t{\n\t\t\t\"value\": \"<Circular reference to #/components/schemas/StructureRequest detected>\"\n\t\t}\n\t],\n\t\"name\": \"fugiat\",\n\t\"id\": \"urn:uuid:4e956952-c1f5-15bd-fd43-a7024d43048f\"\n}","options":{"raw":{"headerFamily":"json","language":"json"}}},"url":{"raw":"{{baseUrl}}/v1/structures/:parentId","host":["{{baseUrl}}"],"path":["v1","structures",":parentId"],"variable":[{"key":"parentId"}]}},"status":"Unauthorized","code":401,"_postman_previewlanguage":"text","header":[{"key":"Content-Type","value":"*/*"}],"cookie":[],"responseTime":null,"body":"{}"},{"id":"28c60221-c943-4876-8935-6652eb86d90f","name":"Forbidden","originalRequest":{"method":"PUT","header":[{"key":"Content-Type","value":"application/json"},{"key":"Accept","value":"*/*"},{"description":"Added as a part of security scheme: bearer","key":"Authorization","value":"Bearer <token>"}],"body":{"mode":"raw","raw":"{\n\t\"category\": \"CLINIC\",\n\t\"children\": [\n\t\t{\n\t\t\t\"value\": \"<Circular reference to #/components/schemas/StructureRequest detected>\"\n\t\t},\n\t\t{\n\t\t\t\"value\": \"<Circular reference to #/components/schemas/StructureRequest detected>\"\n\t\t}\n\t],\n\t\"name\": \"fugiat\",\n\t\"id\": \"urn:uuid:4e956952-c1f5-15bd-fd43-a7024d43048f\"\n}","options":{"raw":{"headerFamily":"json","language":"json"}}},"url":{"raw":"{{baseUrl}}/v1/structures/:parentId","host":["{{baseUrl}}"],"path":["v1","structures",":parentId"],"variable":[{"key":"parentId"}]}},"status":"Forbidden","code":403,"_postman_previewlanguage":"text","header":[{"key":"Content-Type","value":"*/*"}],"cookie":[],"responseTime":null,"body":"{}"},{"id":"e6f8b5a9-fd30-490c-9010-f2061dde571a","name":"Not Found","originalRequest":{"method":"PUT","header":[{"key":"Content-Type","value":"application/json"},{"key":"Accept","value":"*/*"},{"description":"Added as a part of security scheme: bearer","key":"Authorization","value":"Bearer <token>"}],"body":{"mode":"raw","raw":"{\n\t\"category\": \"CLINIC\",\n\t\"children\": [\n\t\t{\n\t\t\t\"value\": \"<Circular reference to #/components/schemas/StructureRequest detected>\"\n\t\t},\n\t\t{\n\t\t\t\"value\": \"<Circular reference to #/components/schemas/StructureRequest detected>\"\n\t\t}\n\t],\n\t\"name\": \"fugiat\",\n\t\"id\": \"urn:uuid:4e956952-c1f5-15bd-fd43-a7024d43048f\"\n}","options":{"raw":{"headerFamily":"json","language":"json"}}},"url":{"raw":"{{baseUrl}}/v1/structures/:parentId","host":["{{baseUrl}}"],"path":["v1","structures",":parentId"],"variable":[{"key":"parentId"}]}},"status":"Not Found","code":404,"_postman_previewlanguage":"text","header":[{"key":"Content-Type","value":"*/*"}],"cookie":[],"responseTime":null,"body":"{}"},{"id":"97108b44-d08a-4f4c-bdbb-effce6e9cd63","name":"Conflict","originalRequest":{"method":"PUT","header":[{"key":"Content-Type","value":"application/json"},{"key":"Accept","value":"*/*"},{"description":"Added as a part of security scheme: bearer","key":"Authorization","value":"Bearer <token>"}],"body":{"mode":"raw","raw":"{\n\t\"category\": \"CLINIC\",\n\t\"children\": [\n\t\t{\n\t\t\t\"value\": \"<Circular reference to #/components/schemas/StructureRequest detected>\"\n\t\t},\n\t\t{\n\t\t\t\"value\": \"<Circular reference to #/components/schemas/StructureRequest detected>\"\n\t\t}\n\t],\n\t\"name\": \"fugiat\",\n\t\"id\": \"urn:uuid:4e956952-c1f5-15bd-fd43-a7024d43048f\"\n}","options":{"raw":{"headerFamily":"json","language":"json"}}},"url":{"raw":"{{baseUrl}}/v1/structures/:parentId","host":["{{baseUrl}}"],"path":["v1","structures",":parentId"],"variable":[{"key":"parentId"}]}},"status":"Conflict","code":409,"_postman_previewlanguage":"text","header":[{"key":"Content-Type","value":"*/*"}],"cookie":[],"responseTime":null,"body":"{}"},{"id":"842d55c2-2caa-4932-b979-93b9a42e043b","name":"Internal Server Error","originalRequest":{"method":"PUT","header":[{"key":"Content-Type","value":"application/json"},{"key":"Accept","value":"*/*"},{"description":"Added as a part of security scheme: bearer","key":"Authorization","value":"Bearer <token>"}],"body":{"mode":"raw","raw":"{\n\t\"category\": \"CLINIC\",\n\t\"children\": [\n\t\t{\n\t\t\t\"value\": \"<Circular reference to #/components/schemas/StructureRequest detected>\"\n\t\t},\n\t\t{\n\t\t\t\"value\": \"<Circular reference to #/components/schemas/StructureRequest detected>\"\n\t\t}\n\t],\n\t\"name\": \"fugiat\",\n\t\"id\": \"urn:uuid:4e956952-c1f5-15bd-fd43-a7024d43048f\"\n}","options":{"raw":{"headerFamily":"json","language":"json"}}},"url":{"raw":"{{baseUrl}}/v1/structures/:parentId","host":["{{baseUrl}}"],"path":["v1","structures",":parentId"],"variable":[{"key":"parentId"}]}},"status":"Internal Server Error","code":500,"_postman_previewlanguage":"text","header":[{"key":"Content-Type","value":"*/*"}],"cookie":[],"responseTime":null,"body":"{}"},{"id":"04836f33-aec2-44ac-8ff8-57d54d0b5859","name":"Not Implemented","originalRequest":{"method":"PUT","header":[{"key":"Content-Type","value":"application/json"},{"key":"Accept","value":"*/*"},{"description":"Added as a part of security scheme: bearer","key":"Authorization","value":"Bearer <token>"}],"body":{"mode":"raw","raw":"{\n\t\"category\": \"CLINIC\",\n\t\"children\": [\n\t\t{\n\t\t\t\"value\": \"<Circular reference to #/components/schemas/StructureRequest detected>\"\n\t\t},\n\t\t{\n\t\t\t\"value\": \"<Circular reference to #/components/schemas/StructureRequest detected>\"\n\t\t}\n\t],\n\t\"name\": \"fugiat\",\n\t\"id\": \"urn:uuid:4e956952-c1f5-15bd-fd43-a7024d43048f\"\n}","options":{"raw":{"headerFamily":"json","language":"json"}}},"url":{"raw":"{{baseUrl}}/v1/structures/:parentId","host":["{{baseUrl}}"],"path":["v1","structures",":parentId"],"variable":[{"key":"parentId"}]}},"status":"Not Implemented","code":501,"_postman_previewlanguage":"text","header":[{"key":"Content-Type","value":"*/*"}],"cookie":[],"responseTime":null,"body":"{}"},{"id":"d40ccb82-a297-4348-980d-9defd6ea7cd2","name":"Bad Gateway","originalRequest":{"method":"PUT","header":[{"key":"Content-Type","value":"application/json"},{"key":"Accept","value":"*/*"},{"description":"Added as a part of security scheme: bearer","key":"Authorization","value":"Bearer <token>"}],"body":{"mode":"raw","raw":"{\n\t\"category\": \"CLINIC\",\n\t\"children\": [\n\t\t{\n\t\t\t\"value\": \"<Circular reference to #/components/schemas/StructureRequest detected>\"\n\t\t},\n\t\t{\n\t\t\t\"value\": \"<Circular reference to #/components/schemas/StructureRequest detected>\"\n\t\t}\n\t],\n\t\"name\": \"fugiat\",\n\t\"id\": \"urn:uuid:4e956952-c1f5-15bd-fd43-a7024d43048f\"\n}","options":{"raw":{"headerFamily":"json","language":"json"}}},"url":{"raw":"{{baseUrl}}/v1/structures/:parentId","host":["{{baseUrl}}"],"path":["v1","structures",":parentId"],"variable":[{"key":"parentId"}]}},"status":"Bad Gateway","code":502,"_postman_previewlanguage":"text","header":[{"key":"Content-Type","value":"*/*"}],"cookie":[],"responseTime":null,"body":"{}"},{"id":"3d024e28-7813-447e-b509-8373c5247774","name":"Network Authentication Required","originalRequest":{"method":"PUT","header":[{"key":"Content-Type","value":"application/json"},{"key":"Accept","value":"*/*"},{"description":"Added as a part of security scheme: bearer","key":"Authorization","value":"Bearer <token>"}],"body":{"mode":"raw","raw":"{\n\t\"category\": \"CLINIC\",\n\t\"children\": [\n\t\t{\n\t\t\t\"value\": \"<Circular reference to #/components/schemas/StructureRequest detected>\"\n\t\t},\n\t\t{\n\t\t\t\"value\": \"<Circular reference to #/components/schemas/StructureRequest detected>\"\n\t\t}\n\t],\n\t\"name\": \"fugiat\",\n\t\"id\": \"urn:uuid:4e956952-c1f5-15bd-fd43-a7024d43048f\"\n}","options":{"raw":{"headerFamily":"json","language":"json"}}},"url":{"raw":"{{baseUrl}}/v1/structures/:parentId","host":["{{baseUrl}}"],"path":["v1","structures",":parentId"],"variable":[{"key":"parentId"}]}},"status":"Network Authentication Required","code":511,"_postman_previewlanguage":"text","header":[{"key":"Content-Type","value":"*/*"}],"cookie":[],"responseTime":null,"body":"{}"}]},{"name":"DELETE Structure By Parent Id","id":"90a5a73e-447b-444a-8926-e03ffbdb7538","protocolProfileBehavior":{"disableBodyPruning":true},"request":{"auth":{"type":"bearer","bearer":[{"key":"token","value":"{{ACCESS_TOKEN}}","type":"string"}]},"method":"DELETE","header":[{"key":"Accept","value":"*/*"}],"url":{"raw":"{{org_url}}/v1/structures/:parentId","host":["{{org_url}}"],"path":["v1","structures",":parentId"],"variable":[{"key":"parentId","value":"5d4e8615-bdc5-4d43-9ec2-2449210af186"}]}},"response":[{"id":"2dd2f2f9-bb76-476c-af59-0f3ffbce19d6","name":"Success","originalRequest":{"method":"DELETE","header":[{"description":"Added as a part of security scheme: bearer","key":"Authorization","value":"Bearer <token>"}],"url":{"raw":"{{baseUrl}}/v1/structures/:parentId","host":["{{baseUrl}}"],"path":["v1","structures",":parentId"],"variable":[{"key":"parentId"}]}},"status":"No Content","code":204,"_postman_previewlanguage":"text","header":[],"cookie":[],"responseTime":null,"body":""},{"id":"007e8454-5738-4706-8d9a-8fdc8a44e448","name":"Bad Request","originalRequest":{"method":"DELETE","header":[{"key":"Accept","value":"*/*"},{"description":"Added as a part of security scheme: bearer","key":"Authorization","value":"Bearer <token>"}],"url":{"raw":"{{baseUrl}}/v1/structures/:parentId","host":["{{baseUrl}}"],"path":["v1","structures",":parentId"],"variable":[{"key":"parentId"}]}},"status":"Bad Request","code":400,"_postman_previewlanguage":"text","header":[{"key":"Content-Type","value":"*/*"}],"cookie":[],"responseTime":null,"body":"{}"},{"id":"daf33a5e-f351-42b6-a3ae-bdcbe979f309","name":"Unauthorized","originalRequest":{"method":"DELETE","header":[{"key":"Accept","value":"*/*"},{"description":"Added as a part of security scheme: bearer","key":"Authorization","value":"Bearer <token>"}],"url":{"raw":"{{baseUrl}}/v1/structures/:parentId","host":["{{baseUrl}}"],"path":["v1","structures",":parentId"],"variable":[{"key":"parentId"}]}},"status":"Unauthorized","code":401,"_postman_previewlanguage":"text","header":[{"key":"Content-Type","value":"*/*"}],"cookie":[],"responseTime":null,"body":"{}"},{"id":"f66ad156-5742-4aa0-9a78-cb0203189774","name":"Forbidden","originalRequest":{"method":"DELETE","header":[{"key":"Accept","value":"*/*"},{"description":"Added as a part of security scheme: bearer","key":"Authorization","value":"Bearer <token>"}],"url":{"raw":"{{baseUrl}}/v1/structures/:parentId","host":["{{baseUrl}}"],"path":["v1","structures",":parentId"],"variable":[{"key":"parentId"}]}},"status":"Forbidden","code":403,"_postman_previewlanguage":"text","header":[{"key":"Content-Type","value":"*/*"}],"cookie":[],"responseTime":null,"body":"{}"},{"id":"2d0848bd-117d-4279-8ec8-392d8f938972","name":"Not Found","originalRequest":{"method":"DELETE","header":[{"key":"Accept","value":"*/*"},{"description":"Added as a part of security scheme: bearer","key":"Authorization","value":"Bearer <token>"}],"url":{"raw":"{{baseUrl}}/v1/structures/:parentId","host":["{{baseUrl}}"],"path":["v1","structures",":parentId"],"variable":[{"key":"parentId"}]}},"status":"Not Found","code":404,"_postman_previewlanguage":"text","header":[{"key":"Content-Type","value":"*/*"}],"cookie":[],"responseTime":null,"body":"{}"},{"id":"73c9850b-b6eb-482c-aa1c-31647dca0589","name":"Conflict","originalRequest":{"method":"DELETE","header":[{"key":"Accept","value":"*/*"},{"description":"Added as a part of security scheme: bearer","key":"Authorization","value":"Bearer <token>"}],"url":{"raw":"{{baseUrl}}/v1/structures/:parentId","host":["{{baseUrl}}"],"path":["v1","structures",":parentId"],"variable":[{"key":"parentId"}]}},"status":"Conflict","code":409,"_postman_previewlanguage":"text","header":[{"key":"Content-Type","value":"*/*"}],"cookie":[],"responseTime":null,"body":"{}"},{"id":"608de3a0-5c34-4bda-86c4-120555015e48","name":"Internal Server Error","originalRequest":{"method":"DELETE","header":[{"key":"Accept","value":"*/*"},{"description":"Added as a part of security scheme: bearer","key":"Authorization","value":"Bearer <token>"}],"url":{"raw":"{{baseUrl}}/v1/structures/:parentId","host":["{{baseUrl}}"],"path":["v1","structures",":parentId"],"variable":[{"key":"parentId"}]}},"status":"Internal Server Error","code":500,"_postman_previewlanguage":"text","header":[{"key":"Content-Type","value":"*/*"}],"cookie":[],"responseTime":null,"body":"{}"},{"id":"626ad90c-7ff7-4f1e-85e4-a2730f3fb2ae","name":"Not Implemented","originalRequest":{"method":"DELETE","header":[{"key":"Accept","value":"*/*"},{"description":"Added as a part of security scheme: bearer","key":"Authorization","value":"Bearer <token>"}],"url":{"raw":"{{baseUrl}}/v1/structures/:parentId","host":["{{baseUrl}}"],"path":["v1","structures",":parentId"],"variable":[{"key":"parentId"}]}},"status":"Not Implemented","code":501,"_postman_previewlanguage":"text","header":[{"key":"Content-Type","value":"*/*"}],"cookie":[],"responseTime":null,"body":"{}"},{"id":"4fa8f811-9e48-4999-8455-ade92f6707d3","name":"Bad Gateway","originalRequest":{"method":"DELETE","header":[{"key":"Accept","value":"*/*"},{"description":"Added as a part of security scheme: bearer","key":"Authorization","value":"Bearer <token>"}],"url":{"raw":"{{baseUrl}}/v1/structures/:parentId","host":["{{baseUrl}}"],"path":["v1","structures",":parentId"],"variable":[{"key":"parentId"}]}},"status":"Bad Gateway","code":502,"_postman_previewlanguage":"text","header":[{"key":"Content-Type","value":"*/*"}],"cookie":[],"responseTime":null,"body":"{}"},{"id":"e4fd3740-9fe2-4bc5-8da4-007a0945beb1","name":"Network Authentication Required","originalRequest":{"method":"DELETE","header":[{"key":"Accept","value":"*/*"},{"description":"Added as a part of security scheme: bearer","key":"Authorization","value":"Bearer <token>"}],"url":{"raw":"{{baseUrl}}/v1/structures/:parentId","host":["{{baseUrl}}"],"path":["v1","structures",":parentId"],"variable":[{"key":"parentId"}]}},"status":"Network Authentication Required","code":511,"_postman_previewlanguage":"text","header":[{"key":"Content-Type","value":"*/*"}],"cookie":[],"responseTime":null,"body":"{}"}]}],"id":"8a3f2f3c-3cf0-418a-a54f-ded686b55ca5","description":"Structure about your organization"},{"name":"HealthcareUnits","item":[{"name":"getByParameters","id":"1aa7ea2d-781e-45c3-ab0d-f9a317bdc8d2","protocolProfileBehavior":{"disableBodyPruning":true},"request":{"auth":{"type":"bearer","bearer":[{"key":"token","value":"{{ACCESS_TOKEN}}","type":"string"}]},"method":"GET","header":[],"url":{"raw":"{{org_url}}/v1/healthcare-units/","host":["{{org_url}}"],"path":["v1","healthcare-units",""],"query":[{"key":"healthcare","value":"14fcf454-dcb8-4954-8309-a03d0d14be44","disabled":true},{"key":"unit","value":"b055d626-810e-4e42-8e10-97356b10c0c3","disabled":true}]}},"response":[]},{"name":"Update","id":"648b079a-2ae7-401d-8ed9-35f1a79de684","protocolProfileBehavior":{"disableBodyPruning":true},"request":{"auth":{"type":"bearer","bearer":[{"key":"token","value":"{{ACCESS_TOKEN}}","type":"string"}]},"method":"PUT","header":[],"body":{"mode":"raw","raw":"{\n    \"healthcare\": \"35bb2cd0-6056-4396-936e-ca27c469657b\",\n    \"unit\": \"92e50423-d267-42e4-b614-ba7a9d9d6bda\"\n}","options":{"raw":{"language":"json"}}},"url":{"raw":"{{org_url}}/v1/healthcare-units/:id","host":["{{org_url}}"],"path":["v1","healthcare-units",":id"],"variable":[{"key":"id","value":"9351b98f-1092-4be1-aee4-aae1a9bffe76"}]}},"response":[]},{"name":"getById","id":"5e673e39-277f-4d78-ae90-e5f19f968705","protocolProfileBehavior":{"disableBodyPruning":true},"request":{"auth":{"type":"bearer","bearer":[{"key":"token","value":"{{ACCESS_TOKEN}}","type":"string"}]},"method":"GET","header":[],"url":{"raw":"{{org_url}}/v1/healthcare-units/:id","host":["{{org_url}}"],"path":["v1","healthcare-units",":id"],"variable":[{"key":"id","value":"9351b98f-1092-4be1-aee4-aae1a9bffe76"}]}},"response":[]},{"name":"Delete","id":"f9904b8f-bac9-4c33-8056-eadb89d57d55","protocolProfileBehavior":{"disableBodyPruning":true},"request":{"auth":{"type":"bearer","bearer":[{"key":"token","value":"{{ACCESS_TOKEN}}","type":"string"}]},"method":"DELETE","header":[],"url":{"raw":"{{org_url}}/v1/healthcare-units/:id","host":["{{org_url}}"],"path":["v1","healthcare-units",":id"],"variable":[{"id":"fd4cd42c-7160-47a5-a075-9790da48566b","key":"id","value":"0c7904d9-a66b-4ee2-a550-ec7224c1a44d"}]}},"response":[]},{"name":"Create","id":"753f70ab-f11c-430a-bfb5-cd0526846eab","protocolProfileBehavior":{"disableBodyPruning":true},"request":{"auth":{"type":"bearer","bearer":[{"key":"token","value":"{{ACCESS_TOKEN}}","type":"string"}]},"method":"POST","header":[],"body":{"mode":"raw","raw":"{\n    \"healthcare\": \"14fcf454-dcb8-4954-8309-a03d0d14be44\",\n    \"unit\": \"e3d2c600-83d0-4822-8383-f3c66a5f80e8\"\n}","options":{"raw":{"language":"json"}}},"url":{"raw":"{{org_url}}/v1/healthcare-units/","host":["{{org_url}}"],"path":["v1","healthcare-units",""]}},"response":[]}],"id":"e1b1223a-65f5-4c4b-9e0f-4503237727e5"}],"id":"9c326425-3be6-4d1b-8ec1-c8e471b89025"}]}