{"info":{"_postman_id":"df0c70b3-9d4d-4634-9324-01dced51c86e","name":"Comment","schema":"https://schema.getpostman.com/json/collection/v2.1.0/collection.json"},"item":[{"name":"Create Comment","event":[{"listen":"prerequest","script":{"id":"58235e4a-ebe5-4af6-91ce-502598ed54f7","exec":["pm.sendRequest({","    url: pm.environment.get('url_base') + pm.environment.get('url_post'),","    method: 'GET',","    header: {","        'Content-Type': 'application/json',","        'Authorization': 'Bearer ' + pm.environment.get('user_admin_token')","    }","}, function (err, response) {","    if(err) {","        console.error(err);","        return;","    }","    ","    if(response.code === 200) {","        var firstPost = response.json().content[0];","        let postId = firstPost.id;","        pm.environment.set('post_id', postId);","","        var comment = {","            content: 'From the camera shutter to your morning alarm, there’s a dedicated team and in-depth process for creating the way your Pixel sounds.',","            postId: postId","        }","        pm.environment.set('body_comment_request', JSON.stringify(comment));","    } else {","        console.error(response.body);","    }","});"],"type":"text/javascript","packages":{}}}],"id":"fe60e36b-492c-442e-8964-00383c267c26","protocolProfileBehavior":{"disableBodyPruning":true},"request":{"method":"POST","header":[],"body":{"mode":"raw","raw":"{{body_comment_request}}","options":{"raw":{"language":"json"}}},"url":{"raw":"{{url_base}}{{url_comment}}/posts/:postId/comments","host":["{{url_base}}{{url_comment}}"],"path":["posts",":postId","comments"],"variable":[{"key":"postId","value":"{{post_id}}"}]}},"response":[]},{"name":"Get By Id","event":[{"listen":"prerequest","script":{"id":"7e73c231-66d4-43f2-9a00-595091b1edd8","exec":["pm.sendRequest({","    url: pm.environment.get('url_base') + pm.environment.get('url_comment'),","    method: 'GET',","    header: {","        'Content-Type': 'application/json',","        'Authorization': 'Bearer ' + pm.environment.get('user_admin_token')","    }","}, function (err, response) {","    if(err) {","        console.error(err);","        return;","    }","    ","    if(response.code === 200) {","        var firstComment = response.json().content[0];","        let id = firstComment.id;","        pm.environment.set('comment_id', id);","    } else {","        console.error(response.body);","    }","});"],"type":"text/javascript","packages":{}}}],"id":"20e77243-d125-41bf-94ee-59c8e5f78aee","protocolProfileBehavior":{"disableBodyPruning":true},"request":{"method":"GET","header":[],"url":{"raw":"{{url_base}}{{url_comment}}/:idComment","host":["{{url_base}}{{url_comment}}"],"path":[":idComment"],"variable":[{"key":"idComment","value":"{{comment_id}}"}]}},"response":[]},{"name":"All Comments","id":"a6c74f5a-9db3-479b-b04a-4189512bd49a","protocolProfileBehavior":{"disableBodyPruning":true},"request":{"method":"GET","header":[],"url":{"raw":"{{url_base}}{{url_comment}}","host":["{{url_base}}{{url_comment}}"]}},"response":[]},{"name":"Delete By Id","event":[{"listen":"prerequest","script":{"id":"188cf6c1-b684-4e59-9b65-8dcd877bb577","exec":["pm.sendRequest({","    url: pm.environment.get('url_base') + pm.environment.get('url_comment'),","    method: 'GET',","    header: {","        'Content-Type': 'application/json',","        'Authorization': 'Bearer ' + pm.environment.get('user_admin_token')","    }","}, function (err, response) {","    if(err) {","        console.error(err);","        return;","    }","    ","    if(response.code === 200) {","        var firstComment = response.json().content[0];","        let id = firstComment.id;","        pm.environment.set('comment_id', id);","    } else {","        console.error(response.body);","    }","});"],"type":"text/javascript","packages":{}}}],"id":"e188b216-035a-4e09-a033-82186426b9d3","protocolProfileBehavior":{"disableBodyPruning":true},"request":{"method":"DELETE","header":[],"url":{"raw":"{{url_base}}{{url_comment}}/:idComment","host":["{{url_base}}{{url_comment}}"],"path":[":idComment"],"variable":[{"key":"idComment","value":"{{comment_id}}"}]}},"response":[]},{"name":"Update Comment","event":[{"listen":"prerequest","script":{"id":"15ad3c43-2a7c-4456-a6c0-4149ca629721","exec":["pm.sendRequest({","    url: pm.environment.get('url_base') + pm.environment.get('url_comment'),","    method: 'GET',","    header: {","        'Content-Type': 'application/json',","        'Authorization': 'Bearer ' + pm.environment.get('user_admin_token')","    }","}, function (err, response) {","    if(err) {","        console.error(err);","        return;","    }","    ","    if(response.code === 200) {","        var firstComment = response.json().content[0];","        let id = firstComment.id;","        let content = firstComment.content;","        content += ' Updated';","        firstComment.content = content;","        pm.environment.set('comment_id', id);","        pm.environment.set('body_comment_request', JSON.stringify(firstComment));","    } else {","        console.error(response.body);","    }","});"],"type":"text/javascript","packages":{}}}],"id":"9dab9b12-d897-443b-8a80-d9e0a91b43c5","protocolProfileBehavior":{"disableBodyPruning":true},"request":{"method":"PUT","header":[],"body":{"mode":"raw","raw":"{{body_comment_request}}","options":{"raw":{"language":"json"}}},"url":{"raw":"{{url_base}}{{url_comment}}/:idComment","host":["{{url_base}}{{url_comment}}"],"path":[":idComment"],"variable":[{"key":"idComment","value":"{{comment_id}}"}]}},"response":[]}],"auth":{"type":"bearer","bearer":[{"key":"token","value":"{{user_admin_token}}","type":"string"}]},"event":[{"listen":"prerequest","script":{"id":"5b9d6bde-78ed-496a-a690-4523e8e19396","type":"text/javascript","packages":{},"exec":["var request = {","    url: pm.environment.get('url_base') + pm.environment.get('url_auth') + '/login',","    method: 'POST',","    header: {","        'Content-Type': 'application/json'","    },","    body: {","        mode: 'raw',","        raw: JSON.stringify({","            email: pm.environment.get('user_admin_email'),","            password: pm.environment.get('user_admin_password')","        })","        ","    }","};","","","pm.sendRequest(request, function (err, response) {","    if(err) {","        console.error(err);","        return;","    }","    ","    if(response.code === 200) {","        var body = response.json();","        pm.environment.set('user_admin_token', body.token);","    } else {","        console.error(response.body);","    }","});"]}},{"listen":"test","script":{"id":"90216165-d962-45c9-85c7-c88ca0ce04b3","type":"text/javascript","packages":{},"exec":[""]}}]}