{"info":{"_postman_id":"df29e252-2f48-4d27-8640-b6bdc9f7802e","name":"MDT-2214","schema":"https://schema.getpostman.com/json/collection/v2.1.0/collection.json"},"item":[{"name":"Search Unit","id":"4f0a40e9-e9b7-4580-8e65-c16bfe4feaee","protocolProfileBehavior":{"disableBodyPruning":true},"request":{"auth":{"type":"bearer","bearer":[{"key":"token","value":"{{ACCESS_TOKEN}}","type":"string"}]},"method":"GET","header":[],"url":{"raw":"https://qa-app.mdoc.one/api/integrations/v2/units/:externalId","protocol":"https","host":["qa-app","mdoc","one"],"path":["api","integrations","v2","units",":externalId"],"variable":[{"key":"externalId","value":"cgm.clinic.01"}]}},"response":[]},{"name":"Update Unit External Id","id":"680778c5-8013-4564-a19a-e18889b6ddb3","protocolProfileBehavior":{"disableBodyPruning":true},"request":{"auth":{"type":"bearer","bearer":[{"key":"token","value":"{{ACCESS_TOKEN}}","type":"string"}]},"method":"PATCH","header":[],"url":{"raw":"https://qa-app.mdoc.one/api/integrations/v2/units/:unitId/external-id/:externalId","protocol":"https","host":["qa-app","mdoc","one"],"path":["api","integrations","v2","units",":unitId","external-id",":externalId"],"variable":[{"key":"unitId","value":"6bf217ca-eada-40c6-9fab-8eb243268119"},{"key":"externalId","value":"cgm.dep.01"}]}},"response":[]},{"name":"Create/Update Unit","id":"871c9155-5655-4584-970e-cb3aed6cd94e","protocolProfileBehavior":{"disableBodyPruning":true},"request":{"auth":{"type":"bearer","bearer":[{"key":"token","value":"{{ACCESS_TOKEN}}","type":"string"}]},"method":"POST","header":[],"body":{"mode":"raw","raw":"{\n    \"externalId\": \"department.id.2012.002\",\n    \"description\": \"Medical unit\",\n    \"name\": \"CGM Dep 02\",\n    \"category\": \"DEPARTMENT\",\n    \"parentId\": \"325d375c-78a2-43cf-b483-fa4a76d841d8\"\n}","options":{"raw":{"language":"json"}}},"url":{"raw":"https://qa-app.mdoc.one/api/integrations/v2/units","protocol":"https","host":["qa-app","mdoc","one"],"path":["api","integrations","v2","units"]}},"response":[]}]}