{"info":{"_postman_id":"feb666bd-49ec-4f52-9e2f-067367edad13","name":"Flow Test","schema":"https://schema.getpostman.com/json/collection/v2.1.0/collection.json"},"item":[{"name":"Admin - Creates Post","event":[{"listen":"prerequest","script":{"id":"9c2a4e67-f7d4-40c7-a12d-4239997978aa","exec":["var post = {","    title: \"This self-transforming Megatron is as badass as it is expensive\",","    content: \"Three years later, Hasbro’s self-transforming, dancing, driving, talking, and attacking Optimus Prime finally has a villain to fight. Megatron, the leader of the Decepticons, is about to arrive. For $1,200 — $899 through May 25th — its robot partner Robosen has created what could be the best auto-converting Transformer yet.\",","    categories: ['TECHNOLOGY']","};","","pm.environment.set('body_post_request', JSON.stringify(post));"],"type":"text/javascript","packages":{}}},{"listen":"test","script":{"id":"b5539522-0f00-45ed-a63a-7cd87618a94e","exec":["pm.test(\"Status code is 200\", function () {","    pm.response.to.have.status(201);","});","pm.test(\"Body matches string\", function () {","    pm.expect(pm.response.text()).to.include(\"This self-transforming Megatron is as badass as it is expensive\");","});"],"type":"text/javascript","packages":{}}}],"id":"5ab0b689-e9cb-4a3f-ad12-4450f57af65c","protocolProfileBehavior":{"disableBodyPruning":true},"request":{"method":"POST","header":[],"body":{"mode":"raw","raw":"{{body_post_request}}","options":{"raw":{"language":"json"}}},"url":{"raw":"{{url_base}}{{url_post}}","host":["{{url_base}}{{url_post}}"]}},"response":[]},{"name":"Admin - Update Post","event":[{"listen":"prerequest","script":{"id":"5ebb8adc-c363-4df0-bed3-a35e1feb6fc9","exec":["pm.sendRequest({","    url: pm.environment.get('url_base') + pm.environment.get('url_post'),","    method: 'GET',","    header: {","        'Content-Type': 'application/json',","        'Authorization': 'Bearer ' + pm.environment.get('user_admin_token')","    }","}, function (err, response) {","    if(err) {","        console.error(err);","        return;","    }","    ","    if(response.code === 200) {","        var firstPost = response.json().content[0];","        let id = firstPost.id;","        let title = firstPost.title;","        title += ' Updated';","        firstPost.title = title;","        pm.environment.set('post_id', id);","        pm.environment.set('body_post_request', JSON.stringify(firstPost));","    } else {","        console.error(response.body);","    }","});"],"type":"text/javascript","packages":{}}},{"listen":"test","script":{"id":"a9baf5c3-7f29-4fc3-b0ce-9d51a6286c48","exec":["pm.test(\"Status code is 200\", function () {","    pm.response.to.have.status(200);","});","","pm.test(\"Body matches string\", function () {","    pm.expect(pm.response.text()).to.include('\"title\":\"This self-transforming Megatron is as badass as it is expensive Updated\"');","});"],"type":"text/javascript","packages":{}}}],"id":"5e2dce27-5a80-4cff-9a5e-98078035b3b0","protocolProfileBehavior":{"disableBodyPruning":true},"request":{"method":"PUT","header":[],"body":{"mode":"raw","raw":"{{body_post_request}}","options":{"raw":{"language":"json"}}},"url":{"raw":"{{url_base}}{{url_post}}/:idPost","host":["{{url_base}}{{url_post}}"],"path":[":idPost"],"variable":[{"id":"a880f5af-ad12-4c19-8a2e-138b63ad352a","key":"idPost","value":"{{post_id}}"}]}},"response":[]},{"name":"Admin - Creates Comment in Post","event":[{"listen":"prerequest","script":{"id":"58235e4a-ebe5-4af6-91ce-502598ed54f7","exec":["pm.sendRequest({","    url: pm.environment.get('url_base') + pm.environment.get('url_post'),","    method: 'GET',","    header: {","        'Content-Type': 'application/json',","        'Authorization': 'Bearer ' + pm.environment.get('user_admin_token')","    }","}, function (err, response) {","    if(err) {","        console.error(err);","        return;","    }","    ","    if(response.code === 200) {","        var firstPost = response.json().content[0];","        let postId = firstPost.id;","        pm.environment.set('post_id', postId);","","        var comment = {","            content: 'From the camera shutter to your morning alarm, there’s a dedicated team and in-depth process for creating the way your Pixel sounds.',","            postId: postId","        }","        pm.environment.set('body_comment_request', JSON.stringify(comment));","    } else {","        console.error(response.body);","    }","});"],"type":"text/javascript","packages":{}}},{"listen":"test","script":{"id":"46d57a85-6dbf-4fbb-ac60-7786e6cc3ad2","exec":["pm.test(\"Status code is 201\", function () {","    pm.response.to.have.status(201);","});","","pm.test(\"Body matches string\", function () {","    pm.expect(pm.response.text()).to.include(\"From the camera shutter to your morning alarm, there’s a dedicated team and in-depth process for creating the way your Pixel sounds.\");","});"],"type":"text/javascript","packages":{}}}],"id":"03c63a52-8ce5-4db2-b03f-8ada1138fab7","protocolProfileBehavior":{"disableBodyPruning":true},"request":{"method":"POST","header":[],"body":{"mode":"raw","raw":"{{body_comment_request}}","options":{"raw":{"language":"json"}}},"url":{"raw":"{{url_base}}{{url_comment}}/posts/:postId/comments","host":["{{url_base}}{{url_comment}}"],"path":["posts",":postId","comments"],"variable":[{"id":"185bab64-7241-4a0d-b619-767063147687","key":"postId","value":"{{post_id}}"}]}},"response":[]},{"name":"Admin - Update Comment","event":[{"listen":"prerequest","script":{"id":"15ad3c43-2a7c-4456-a6c0-4149ca629721","exec":["pm.sendRequest({","    url: pm.environment.get('url_base') + pm.environment.get('url_comment'),","    method: 'GET',","    header: {","        'Content-Type': 'application/json',","        'Authorization': 'Bearer ' + pm.environment.get('user_admin_token')","    }","}, function (err, response) {","    if(err) {","        console.error(err);","        return;","    }","    ","    if(response.code === 200) {","        var firstComment = response.json().content[0];","        let id = firstComment.id;","        let content = firstComment.content;","        content += ' Updated';","        firstComment.content = content;","        pm.environment.set('comment_id', id);","        pm.environment.set('body_comment_request', JSON.stringify(firstComment));","    } else {","        console.error(response.body);","    }","});"],"type":"text/javascript","packages":{}}},{"listen":"test","script":{"id":"cf7d393f-79b5-4360-9d42-3b59550184f2","exec":["pm.test(\"Status code is 200\", function () {","    pm.response.to.have.status(200);","});","pm.test(\"Body matches string\", function () {","    pm.expect(pm.response.text()).to.include('\"content\":\"From the camera shutter to your morning alarm, there’s a dedicated team and in-depth process for creating the way your Pixel sounds. Updated\",');","});"],"type":"text/javascript","packages":{}}}],"id":"cbb87798-fe70-42ea-ae19-c8b9f39eb290","protocolProfileBehavior":{"disableBodyPruning":true},"request":{"method":"PUT","header":[],"body":{"mode":"raw","raw":"{{body_comment_request}}","options":{"raw":{"language":"json"}}},"url":{"raw":"{{url_base}}{{url_comment}}/:idComment","host":["{{url_base}}{{url_comment}}"],"path":[":idComment"],"variable":[{"key":"idComment","value":"{{comment_id}}"}]}},"response":[]},{"name":"User - Register","event":[{"listen":"prerequest","script":{"id":"96d02023-e80a-4a85-be78-d8cebb049bbb","exec":["var userDTO = {","    email: pm.environment.get('user_email'),","    password: pm.environment.get('user_password'),","    firstName: pm.environment.get('user_first_name'),","    lastName: pm.environment.get('user_last_name'),","    birthDate: pm.environment.get('user_birth_date')","};","pm.environment.set('body_register_request', JSON.stringify(userDTO));","",""],"type":"text/javascript","packages":{}}},{"listen":"test","script":{"id":"cfe078c8-0044-4b4a-9aa0-871e8320988a","exec":["var response = pm.response.json();","pm.environment.set('body_register_response', JSON.stringify(response));","","pm.test(\"Status code is 200\", function () {","    pm.response.to.have.status(200);","});","","pm.test(\"Body matches string\", function () {","    pm.expect(pm.response.text()).to.include('\"email\":\"ribeiros@outlook.com\",\"password\":null,\"firstName\":\"Demostenis\",\"lastName\":\"Villar\",\"birthDate\":\"1985-09-26T00:00:00.000+00:00\",\"role\":null');","});"],"type":"text/javascript","packages":{}}}],"id":"c51ef922-a098-442e-9ced-dd428f866394","protocolProfileBehavior":{"disableBodyPruning":true},"request":{"method":"POST","header":[],"body":{"mode":"raw","raw":"{{body_register_request}}","options":{"raw":{"language":"json"}}},"url":{"raw":"{{url_base}}{{url_auth}}/register","host":["{{url_base}}{{url_auth}}"],"path":["register"]}},"response":[]},{"name":"User - Login","event":[{"listen":"prerequest","script":{"id":"a8ef627b-6149-452f-9b0a-04b195decfdc","exec":["var userDTO = {","    email: pm.environment.get('user_email'),","    password: pm.environment.get('user_password')","};","","pm.environment.set('body_login_request', JSON.stringify(userDTO));"],"type":"text/javascript","packages":{}}},{"listen":"test","script":{"id":"5dad5b3f-9e54-493d-b431-9786a8011226","exec":["var response = pm.response.json();","","if(response.status === 200) {","    pm.environment.set('body_login_response', JSON.stringify(response));","    pm.environment.set('user_token', response.token);","}","","pm.test(\"Status code is 200\", function () {","    pm.response.to.have.status(200);","});","","pm.test(\"Body matches string\", function () {","    pm.expect(pm.response.text()).to.include(\"token\");","});"],"type":"text/javascript","packages":{}}}],"id":"e6fe69f8-fc16-475e-8d39-a1dec172d2a0","protocolProfileBehavior":{"disableBodyPruning":true},"request":{"method":"POST","header":[],"body":{"mode":"raw","raw":"{{body_login_request}}","options":{"raw":{"language":"json"}}},"url":{"raw":"{{url_base}}{{url_auth}}/login","host":["{{url_base}}{{url_auth}}"],"path":["login"]}},"response":[]},{"name":"User - Creates Comment in Post","event":[{"listen":"prerequest","script":{"id":"58235e4a-ebe5-4af6-91ce-502598ed54f7","exec":["var request = {","    url: pm.environment.get('url_base') + pm.environment.get('url_auth') + '/login',","    method: 'POST',","    header: {","        'Content-Type': 'application/json'","    },","    body: {","        mode: 'raw',","        raw: JSON.stringify({","            email: pm.environment.get('user_email'),","            password: pm.environment.get('user_password')","        })","        ","    }","};","","","pm.sendRequest(request, function (err, response) {","    if(err) {","        console.error(err);","        return;","    }","    ","    if(response.code === 200) {","        var body = response.json();","        pm.environment.set('user_token', body.token);","    } else {","        console.error(response.body);","    }","});","","pm.sendRequest({","    url: pm.environment.get('url_base') + pm.environment.get('url_post'),","    method: 'GET',","    header: {","        'Content-Type': 'application/json',","        'Authorization': 'Bearer ' + pm.environment.get('user_token')","    }","}, function (err, response) {","    if(err) {","        console.error(err);","        return;","    }","    ","    if(response.code === 200) {","        var firstPost = response.json().content[0];","        let postId = firstPost.id;","        pm.environment.set('post_id', postId);","","        var comment = {","            content: 'From the camera shutter to your morning alarm, there’s a dedicated team and in-depth process for creating the way your Pixel sounds.',","            postId: postId","        }","        pm.environment.set('body_comment_request', JSON.stringify(comment));","    } else {","        console.error(response.body);","    }","});"],"type":"text/javascript","packages":{}}},{"listen":"test","script":{"id":"834f8929-c884-4ad3-8682-cefa1325071e","exec":["pm.test(\"Status code is 201\", function () {","    pm.response.to.have.status(201);","});","pm.test(\"Body matches string\", function () {","    pm.expect(pm.response.text()).to.include('\"content\":\"From the camera shutter to your morning alarm, there’s a dedicated team and in-depth process for creating the way your Pixel sounds.\"');","});"],"type":"text/javascript","packages":{}}}],"id":"9352d6dc-734e-4c0a-a85f-f4c79e2c0d4a","protocolProfileBehavior":{"disableBodyPruning":true},"request":{"auth":{"type":"bearer","bearer":[{"key":"token","value":"{{user_token}}","type":"string"}]},"method":"POST","header":[],"body":{"mode":"raw","raw":"{{body_comment_request}}","options":{"raw":{"language":"json"}}},"url":{"raw":"{{url_base}}{{url_comment}}/posts/:postId/comments","host":["{{url_base}}{{url_comment}}"],"path":["posts",":postId","comments"],"variable":[{"id":"185bab64-7241-4a0d-b619-767063147687","key":"postId","value":"{{post_id}}"}]}},"response":[]},{"name":"User - Delete By Id","event":[{"listen":"prerequest","script":{"id":"04e94c08-0dd2-4e7c-b7c1-60886b38121c","exec":["pm.sendRequest({","    url: pm.environment.get('url_base') + pm.environment.get('url_post'),","    method: 'GET',","    header: {","        'Content-Type': 'application/json',","        'Authorization': 'Bearer ' + pm.environment.get('user_token')","    }","}, function (err, response) {","    if(err) {","        console.error(err);","        return;","    }","    ","    if(response.code === 200) {","        var firstPost = response.json().content[0];","        let id = firstPost.id;","        pm.environment.set('post_id', id);","    } else {","        console.error(response.body);","    }","});"],"type":"text/javascript","packages":{}}},{"listen":"test","script":{"id":"6e6e1763-bf46-4f37-90cb-9f6e79b33380","exec":["pm.test(\"Status code is 403\", function () {","    pm.response.to.have.status(403);","});"],"type":"text/javascript","packages":{}}}],"id":"970d4dbc-ab7f-4dd5-b991-c272350a42ec","protocolProfileBehavior":{"disableBodyPruning":true},"request":{"auth":{"type":"bearer","bearer":[{"key":"token","value":"{{user_token}}","type":"string"}]},"method":"DELETE","header":[],"url":{"raw":"{{url_base}}{{url_post}}/:idPost","host":["{{url_base}}{{url_post}}"],"path":[":idPost"],"variable":[{"key":"idPost","value":"{{post_id}}"}]}},"response":[]}],"auth":{"type":"bearer","bearer":[{"key":"token","value":"{{user_admin_token}}","type":"string"}]},"event":[{"listen":"prerequest","script":{"id":"3d3d2ca7-7b1d-465d-8d58-920f1872d725","type":"text/javascript","packages":{},"exec":["var request = {","    url: pm.environment.get('url_base') + pm.environment.get('url_auth') + '/login',","    method: 'POST',","    header: {","        'Content-Type': 'application/json'","    },","    body: {","        mode: 'raw',","        raw: JSON.stringify({","            email: pm.environment.get('user_admin_email'),","            password: pm.environment.get('user_admin_password')","        })","        ","    }","};","","","pm.sendRequest(request, function (err, response) {","    if(err) {","        console.error(err);","        return;","    }","    ","    if(response.code === 200) {","        var body = response.json();","        pm.environment.set('user_admin_token', body.token);","    } else {","        console.error(response.body);","    }","});"]}},{"listen":"test","script":{"id":"f877fb23-8bfb-44e4-a931-5c83e1cebf2b","type":"text/javascript","packages":{},"exec":[""]}}]}