{"id":"547d1f6e-5b1d-458a-b6d4-616d436ae83a","name":"local","values":[{"key":"url_base","value":"http://localhost:8080/api/v1","enabled":true,"type":"default"},{"key":"url_auth","value":"/auth","enabled":true,"type":"default"},{"key":"url_post","value":"/posts","enabled":true,"type":"default"},{"key":"url_comment","value":"/comments","enabled":true},{"key":"url_admin","value":"/admin","enabled":true,"type":"default"},{"key":"user_email","value":"ribeiros@outlook.com","enabled":true,"type":"default"},{"key":"user_password","value":"Senha@00","enabled":true,"type":"default"},{"key":"user_first_name","value":"Common","enabled":true,"type":"default"},{"key":"user_last_name","value":"User","enabled":true,"type":"default"},{"key":"user_birth_date","value":"1982-05-23","enabled":true,"type":"default"},{"key":"user_token","value":"","enabled":true,"type":"default"},{"key":"user_id","value":"","enabled":true,"type":"default"},{"key":"user_admin_email","value":"admin@fake.com","enabled":true,"type":"default"},{"key":"user_admin_password","value":"password","enabled":true,"type":"default"},{"key":"user_admin_token","value":"","enabled":true,"type":"default"},{"key":"user_admin_id","value":"","enabled":true,"type":"default"},{"key":"body_register_request","value":"","enabled":true,"type":"default"},{"key":"body_register_response","value":"","enabled":true,"type":"default"},{"key":"body_login_request","value":"","enabled":true,"type":"default"},{"key":"body_login_response","value":"","enabled":true,"type":"default"},{"key":"body_post_request","value":"","enabled":true,"type":"any"},{"key":"post_id","value":"","enabled":true,"type":"any"},{"key":"body_comment_request","value":"","enabled":true,"type":"any"},{"key":"comment_id","value":"","enabled":true,"type":"any"}]}