{"id":"798a03c2-7e2b-43ce-8cac-836076e7001d","name":"Dev Copy","values":[{"key":"url","value":"https://dev-app.mdoc.one","enabled":true,"type":"default"},{"key":"orbis","value":"a577e1b5-fa18-c727-1986-6afb608c2df3","enabled":true,"type":"default"},{"key":"username","value":"demostenis.villar.1","enabled":true,"type":"default"},{"key":"password","value":"Senha@00","enabled":true,"type":"default"},{"key":"tenantconfig_url","value":"{{url}}/api/tenantconfig/","enabled":true,"type":"default"},{"key":"mdoc","value":"e8dffd86-ad25-473d-9014-37ce77cd864a","enabled":true,"type":"default"},{"key":"tenantauth_url","value":"{{url}}/api/tenantauth/","enabled":true,"type":"default"},{"key":"tenant_ship","value":"9948f23a-4bae-015b-dd2b-a1461feac7cd","enabled":true,"type":"default"},{"key":"integration_url","value":"{{url}}/api/integrations/","enabled":true,"type":"default"},{"key":"authorization_url","value":"{{https://dev-app.mdoc.one}}/api/authorization/","enabled":true,"type":"default"},{"key":"mirth_username","value":"mirth.cgm","enabled":true,"type":"default"},{"key":"mirth_password","value":"Mdoc@2022","enabled":true,"type":"default"},{"key":"tenant_orbis","value":"a577e1b5-fa18-c727-1986-6afb608c2df3","enabled":true,"type":"default"},{"key":"appointment_url","value":"{{url}}/api/appointments/","enabled":true,"type":"default"},{"key":"ds_url","value":"{{url}}/api/digitalsignature/","enabled":true,"type":"default"},{"key":"cms_url","value":"{{url}}/api/cms/","enabled":true,"type":"default"},{"key":"org_url","value":"{{url}}/api/organizations/","enabled":true,"type":"default"},{"key":"tenant_config_url","value":"{{url}}/api/tenantconfig/","enabled":true,"type":"default"},{"key":"ACCESS_TOKEN","value":"","enabled":true,"type":"any"},{"key":"patient_url","value":"{{url}}/api/patients/","enabled":true,"type":"default"},{"key":"user_url","value":"{{url}}/api/users/","enabled":true,"type":"default"}]}