{"id":"ae9f9e4e-127e-4f5e-aa39-eef92220dd5e","name":"DEV","values":[{"key":"baseUrl","value":"https://dev.mdoc.app","enabled":true,"type":"default"},{"key":"url_authorization","value":"/api/authorization","enabled":true,"type":"default"},{"key":"credential_token","value":"","enabled":true,"type":"default"},{"key":"credential_username","value":"demostenis.villar@cgm.com","enabled":true,"type":"default"},{"key":"credential_password","value":"Senha@00","enabled":true,"type":"default"},{"key":"tenant_connectivity","value":"11dc41b9-99e9-b9bc-ea06-92575b103b4f","enabled":true,"type":"default"}]}