{"id":"2ead1dcf-ee63-4439-8151-ee15888352d6","name":"DEV - IMEDONE","values":[{"key":"urlEnviroment","value":"https://dev-app.mdoc.one/api","enabled":true,"type":"default"},{"key":"url_integration","value":"http://localhost:8093/api","enabled":true,"type":"default"},{"key":"username","value":"julio.afonso-martins-da-silva@mdoc.one","enabled":true,"type":"default"},{"key":"password","value":"mDoc@2023","enabled":true,"type":"default"},{"key":"tenant","value":"0cb73b8f-4990-4393-88c6-9c04279f5475","enabled":true,"type":"default"},{"key":"urlLogin","value":"https://dev-app.mdoc.one/api/authorization/v1/account/login","enabled":true,"type":"default"},{"key":"clinicExternalId","value":"ExternalIdParaTeste","enabled":true,"type":"default"},{"key":"departmentExternalId","value":"","enabled":true,"type":"default"},{"key":"roomExternalId","value":"","enabled":true,"type":"default"},{"key":"wardExternalId","value":"","enabled":true,"type":"default"},{"key":"consultationType","value":"KardioAll","enabled":true,"type":"default"},{"key":"professional.id","value":"ac17d5d6-a0c3-4a13-a54b-47e1bbd20da6","enabled":true,"type":"default"},{"key":"professional.externalUniqueId","value":"EXTf9056e3b-5c1c-4637-a009-61e5bd9db458","enabled":true,"type":"default"},{"key":"myExternalId","value":"EXT201700854","enabled":true,"type":"default"},{"key":"ACCESS_TOKEN","value":"","enabled":true,"type":"any"}]}