{"id":"0ba759e1-4e28-4684-aa6d-759298ee9a85","name":"DEV - mDoc Copy","values":[{"key":"urlEnviroment","value":"https://dev-app.mdoc.one/api","type":"default","enabled":true},{"key":"username","value":"julio.afonso-martins-da-silva@mdoc.one","type":"default","enabled":true},{"key":"password","value":"mDoc@2023","type":"default","enabled":true},{"key":"tenant","value":"e8dffd86-ad25-473d-9014-37ce77cd864a","type":"default","enabled":true},{"key":"urlLogin","value":"https://dev-app.mdoc.one/api/authorization/v1/account/login","type":"default","enabled":true},{"key":"clinicExternalId","value":"clinicExternalId","type":"default","enabled":true},{"key":"departmentExternalId","value":"departmentExternalId","type":"default","enabled":true},{"key":"roomExternalId","value":"roomExternalId","type":"default","enabled":true},{"key":"wardExternalId","value":"wardExternalId","type":"default","enabled":true},{"key":"consultationType","value":"CT 01","type":"default","enabled":true},{"key":"professional.id","value":"d04d86cf-ef1b-4c0d-a332-9f3b0ba236b3","type":"default","enabled":true},{"key":"professional.externalUniqueId","value":"f8484c46-0a6b-407e-bc33-af3a9a72aee8","type":"default","enabled":true}]}