{"id":"9aeaa8d3-cc1a-4866-a217-4b71925177cd","name":"Local","values":[{"key":"url","value":"http://localhost:","enabled":true,"type":"default"},{"key":"orbis","value":"a577e1b5-fa18-c727-1986-6afb608c2df3","enabled":true,"type":"default"},{"key":"username","value":"demostenis.villar","enabled":true,"type":"default"},{"key":"password","value":"Senha@00","enabled":true,"type":"default"},{"key":"tenantconfig_url","value":"{{url}}8092/api/tenantconfig/","enabled":true,"type":"default"},{"key":"tenantauth_url","value":"{{url}}8095/api/tenantauth/","enabled":true,"type":"default"},{"key":"tenant_ship","value":"9948f23a-4bae-015b-dd2b-a1461feac7cd","enabled":true,"type":"default"},{"key":"integration_url","value":"{{url}}8093/api/integrations/","enabled":true,"type":"default"},{"key":"authorization_url","value":"{{url}}8082/api/authorization/","enabled":true,"type":"default"},{"key":"mirth_username","value":"mirth.cgm","enabled":true,"type":"default"},{"key":"mirth_password","value":"Mdoc@2022","enabled":true,"type":"default"},{"key":"tenant_orbis","value":"{{tenant_orbis}}","enabled":true,"type":"default"},{"key":"appointment_url","value":"{{url}}8089/api/appointments/","enabled":true,"type":"default"},{"key":"ds_url","value":"{{url}}8113/api/digitalsignature/","enabled":true,"type":"default"},{"key":"cms_url","value":"{{url}}8098/api/cms/","enabled":true,"type":"default"},{"key":"org_url","value":"{{url}}8086/api/organizations/","enabled":true,"type":"default"},{"key":"tenant_config_url","value":"{{url}}8092/api/tenantconfig/","enabled":true,"type":"default"},{"key":"ACCESS_TOKEN","value":"","enabled":true,"type":"any"},{"key":"mdoc","value":"e8dffd86-ad25-473d-9014-37ce77cd864a","enabled":true,"type":"default"},{"key":"patient_url","value":"{{url}}8097/api/patients/","enabled":true,"type":"default"},{"key":"user_url","value":"{{url}}8084/api/users/","enabled":true,"type":"default"},{"key":"fhir_int_url","value":"{{url}}8114/api/fhir-interfaces","enabled":true,"type":"default"},{"key":"fhir_scheduler_url","value":"fhir_scheduler_url","enabled":true}]}