{"id":"f9887dba-d73d-4c22-b992-b9aff757b05d","name":"QA - New","values":[{"key":"url","value":"https://qa-app.mdoc.one/api","enabled":true,"type":"default"},{"key":"url.user","value":"{{url}}/users","enabled":true,"type":"default"},{"key":"url.integration","value":"{{url}}/integrations","enabled":true,"type":"default"},{"key":"username","value":"demostenis.villar","enabled":true,"type":"default"},{"key":"password","value":"Mdoc@2022","enabled":true,"type":"default"},{"key":"tenant.cgmreha","value":"299038ed-87c8-4d85-b859-f02f95aab3b4","enabled":true,"type":"default"},{"key":"url.authorization","value":"https://qa-app.mdoc.one/api/authorization","enabled":true,"type":"default"},{"key":"ACCESS_TOKEN","value":"","enabled":true,"type":"any"},{"key":"baseUrl","value":"https://qa-app.mdoc.one/api","enabled":true,"type":"default"}]}