{"info":{"_postman_id":"4ba6a5ae-643b-4d08-b157-7c9da04022bf","name":"Auth","schema":"https://schema.getpostman.com/json/collection/v2.1.0/collection.json"},"item":[{"name":"Register","event":[{"listen":"prerequest","script":{"id":"96d02023-e80a-4a85-be78-d8cebb049bbb","exec":["var userDTO = {","    email: pm.environment.get('user_email'),","    password: pm.environment.get('user_password'),","    firstName: pm.environment.get('user_first_name'),","    lastName: pm.environment.get('user_last_name'),","    birthDate: pm.environment.get('user_birth_date')","};","pm.environment.set('body_register_request', JSON.stringify(userDTO));","",""],"type":"text/javascript","packages":{}}},{"listen":"test","script":{"id":"cfe078c8-0044-4b4a-9aa0-871e8320988a","exec":["var response = pm.response.json();","pm.environment.set('body_register_response', JSON.stringify(response));","","pm.test(\"Status code is 200\", function () {","    pm.response.to.have.status(200);","});"],"type":"text/javascript","packages":{}}}],"id":"76c52607-c087-446e-bf4b-05df7d3734cb","protocolProfileBehavior":{"disableBodyPruning":true},"request":{"method":"POST","header":[],"body":{"mode":"raw","raw":"{{body_register_request}}","options":{"raw":{"language":"json"}}},"url":{"raw":"{{url_base}}{{url_auth}}/register","host":["{{url_base}}{{url_auth}}"],"path":["register"]}},"response":[]},{"name":"Login","event":[{"listen":"prerequest","script":{"id":"a8ef627b-6149-452f-9b0a-04b195decfdc","exec":["var userDTO = {","    email: pm.environment.get('user_email'),","    password: pm.environment.get('user_password')","};","","pm.environment.set('body_login_request', JSON.stringify(userDTO));"],"type":"text/javascript","packages":{}}},{"listen":"test","script":{"id":"5dad5b3f-9e54-493d-b431-9786a8011226","exec":["var response = pm.response.json();","","if(response.status === 200) {","    pm.environment.set('body_login_response', JSON.stringify(response));","    pm.environment.set('user_token', response.token);","}","","pm.test(\"Status code is 200\", function () {","    pm.response.to.have.status(200);","});"],"type":"text/javascript","packages":{}}}],"id":"6b08efee-242f-4860-970a-9202cb55f5a8","protocolProfileBehavior":{"disableBodyPruning":true},"request":{"method":"POST","header":[],"body":{"mode":"raw","raw":"{{body_login_request}}","options":{"raw":{"language":"json"}}},"url":{"raw":"{{url_base}}{{url_auth}}/login","host":["{{url_base}}{{url_auth}}"],"path":["login"]}},"response":[]}]}