{"info":{"_postman_id":"7812572a-b207-48f2-926f-ecbfe8eaf665","name":"Post","schema":"https://schema.getpostman.com/json/collection/v2.1.0/collection.json"},"item":[{"name":"All Posts","id":"2f79e60c-4509-4fb0-906e-84d2fc487c7b","protocolProfileBehavior":{"disableBodyPruning":true},"request":{"method":"GET","header":[],"url":{"raw":"{{url_base}}{{url_post}}","host":["{{url_base}}{{url_post}}"],"query":[{"key":"page","value":"0","disabled":true},{"key":"size","value":"10","disabled":true}]}},"response":[]}],"auth":{"type":"bearer","bearer":[{"key":"token","value":"{{user_token}}","type":"string"}]},"event":[{"listen":"prerequest","script":{"id":"3940cdf2-c714-4143-93cb-8a2db9a18473","type":"text/javascript","packages":{},"exec":["var request = {","    url: pm.environment.get('url_base') + pm.environment.get('url_auth') + '/login',","    method: 'POST',","    header: {","        'Content-Type': 'application/json'","    },","    body: {","        mode: 'raw',","        raw: JSON.stringify({","            email: pm.environment.get('user_admin_email'),","            password: pm.environment.get('user_admin_password')","        })","        ","    }","};","","","pm.sendRequest(request, function (err, response) {","    if(err) {","        console.error(err);","        return;","    }","    ","    if(response.code === 200) {","        var body = response.json();","        pm.environment.set('user_token', body.token);","    } else {","        console.error(response.body);","    }","});"]}},{"listen":"test","script":{"id":"a9be36a1-cbf4-43c0-85b3-d82b178b7551","type":"text/javascript","packages":{},"exec":[""]}}]}