{"info":{"_postman_id":"8a3314e3-b1cb-4e56-a143-fdfc22171322","name":"Cerner_ish_med slot and appointment","schema":"https://schema.getpostman.com/json/collection/v2.1.0/collection.json"},"item":[{"name":"fetch slots from cerner","id":"438acfcc-dff3-458d-8c13-0f348290becf","protocolProfileBehavior":{"disableBodyPruning":true},"request":{"method":"POST","header":[],"body":{"mode":"raw","raw":"{\n    \"serviceType\":\"\",\n    \"speciality\":\"\",\n    \"start\":123,\n    \"end\":234,\n    \"status\":\"test\",\n    \"clinicId\":\"\"\n}","options":{"raw":{"language":"json"}}},"url":{"raw":"http://43.205.231.81:9001/api/v1/fetchFreeSlots","protocol":"http","host":["43","205","231","81"],"port":"9001","path":["api","v1","fetchFreeSlots"]}},"response":[]},{"name":"create appointment in cerner","id":"66e056ca-7176-48fa-8f70-b4947713cb65","protocolProfileBehavior":{"disableBodyPruning":true},"request":{"method":"POST","header":[],"body":{"mode":"raw","raw":"{\n    \"participants\":[\n    {\n      \"username\": \"200.0000004731\",\n      \"participantType\": \"PATIENT\"\n    }\n  ],\n  \"specialty\":[\n\"ewvdevcie\"\n  ],\n  \"clinicID\":\"STEI\",\n  \"serviceType\":[\"wetfduwvc\"],\n  \"appointmentTime\":\"234567\",\n  \"externalSlotId\":\"1234567\",\n  \"externalAppointmentID\":\"1234\"\n\n\n  }","options":{"raw":{"language":"json"}}},"url":{"raw":"http://43.205.231.81:9001/api/v1/appointment","protocol":"http","host":["43","205","231","81"],"port":"9001","path":["api","v1","appointment"]}},"response":[]}]}