{"info":{"_postman_id":"d6e55df1-907d-46c3-a870-93fad7d882c3","name":"spring-boot-3-course","schema":"https://schema.getpostman.com/json/collection/v2.1.0/collection.json"},"item":[{"name":"hello","item":[{"name":"GET","id":"64c54255-099f-46d2-8f14-7022f9878112","protocolProfileBehavior":{"disableBodyPruning":true},"request":{"method":"GET","header":[],"url":{"raw":"http://localhost:8080/hello","protocol":"http","host":["localhost"],"port":"8080","path":["hello"]}},"response":[]}],"id":"daf93e2c-4d1b-48dd-a084-a04512314de2"},{"name":"Professional","item":[{"name":"POST","id":"70468c1c-1663-406f-84bb-b43a9247deae","protocolProfileBehavior":{"disableBodyPruning":true},"request":{"method":"POST","header":[],"body":{"mode":"raw","raw":"{\n\"nome\": \"Rodrigo Ferreira\",\n\"email\": \"rodrigo.ferreira@voll.med\",\n\"crm\": \"123456\",\n\"especialidade\": \"ORTOPEDIA\",\n\"endereco\": {\n    \"logradouro\": \"rua 1\",\n    \"bairro\": \"bairro\",\n    \"cep\": \"12345678\",\n    \"cidade\": \"Brasilia\",\n    \"uf\": \"DF\",\n    \"numero\": \"1\",\n    \"complemento\": \"complemento\"\n    }\n}","options":{"raw":{"language":"json"}}},"url":{"raw":"http://localhost:8080/medicos","protocol":"http","host":["localhost"],"port":"8080","path":["medicos"]}},"response":[]}],"id":"b55d73e7-1bb8-42e6-9bb3-d82eba82c0ec"}]}