{"info":{"_postman_id":"f4995d5a-2015-4644-bc77-103e0c4f8fe2","name":"TenantConfiguration","schema":"https://schema.getpostman.com/json/collection/v2.1.0/collection.json"},"item":[{"name":"1-getTenantConfigurationById","id":"e8d3b03d-ac78-4317-9d6c-25074104f956","protocolProfileBehavior":{"disableBodyPruning":true},"request":{"auth":{"type":"bearer","bearer":[{"key":"token","value":"{{ACCESS_TOKEN}}","type":"string"}]},"method":"GET","header":[],"url":{"raw":"https://dev-app.mdoc.one/api/tenantconfig/v1/tenant/:idTenant/configuration","protocol":"https","host":["dev-app","mdoc","one"],"path":["api","tenantconfig","v1","tenant",":idTenant","configuration"],"variable":[{"key":"idTenant","value":"e8dffd86-ad25-473d-9014-37ce77cd864a"}]}},"response":[]},{"name":"2-createConfigurationType","id":"20606920-a30f-4920-b45c-a31270837e17","protocolProfileBehavior":{"disableBodyPruning":true},"request":{"auth":{"type":"bearer","bearer":[{"key":"token","value":"{{ACCESS_TOKEN}}","type":"string"}]},"method":"POST","header":[],"body":{"mode":"raw","raw":"{\n  \"description\": \"MDOC Test - iMedOne - Integration\" // Description example, try to type something that relates the tenant and the integration\n}","options":{"raw":{"language":"json"}}},"url":{"raw":"https://dev-app.mdoc.one/api/tenantconfig/v1/tenant/configuration/type","protocol":"https","host":["dev-app","mdoc","one"],"path":["api","tenantconfig","v1","tenant","configuration","type"]}},"response":[]},{"name":"3-createConfigurationItem","id":"d8b70fd7-36ce-4737-a3bd-9dfaf60d09fc","protocolProfileBehavior":{"disableBodyPruning":true},"request":{"auth":{"type":"bearer","bearer":[{"key":"token","value":"{{ACCESS_TOKEN}}","type":"string"}]},"method":"POST","header":[],"body":{"mode":"raw","raw":"{\n  \"configType\": \"0f0c3fa6-6be7-4d91-8c77-81661cfc1ae0\", // id from the response body in the step 2\n  \"description\": \"Integration\", // leave like that\n  \"key\": \"INTEGRATION\", // leave like that\n  \"value\": \"IMEDONE\" // CGM, MEONA, ISH, IMEDONE, ORBIS\n}","options":{"raw":{"language":"json"}}},"url":{"raw":"https://dev-app.mdoc.one/api/tenantconfig/v1/tenant/configuration/type/item","protocol":"https","host":["dev-app","mdoc","one"],"path":["api","tenantconfig","v1","tenant","configuration","type","item"]}},"response":[]},{"name":"4-updateTenantConfiguration","id":"fa15038a-7ea9-4e2b-b1f7-df7bb9e6212d","protocolProfileBehavior":{"disableBodyPruning":true},"request":{"auth":{"type":"bearer","bearer":[{"key":"token","value":"{{ACCESS_TOKEN}}","type":"string"}]},"method":"PUT","header":[],"body":{"mode":"raw","raw":"// copy the details from response body in the step 1\n{\n    \"idTenant\": \"e8dffd86-ad25-473d-9014-37ce77cd864a\",\n    \"description\": \"string\", // take from the step 1\n    // database info need to be retrievied from database directly, it does not come from the GET call inte step 1\n\n    // data from ste 2\n    \"integration\": {\n        \"id\": \"0f0c3fa6-6be7-4d91-8c77-81661cfc1ae0\",\n        \"description\": \"MDOC Test - iMedOne - Integration\"\n    },\n    // data from step 1, the GET call retuns it\n    \"style\": {\n        \"id\": \"4a90163f-7892-4640-87e2-2f1814352e7b\",\n        \"description\": \"style Kur + Reha\"\n    },\n    //in case there is \"other\" configuration item, it comes in the step 1\n    \"other\": null\n}","options":{"raw":{"language":"json"}}},"url":{"raw":"https://dev-app.mdoc.one/api/tenantconfig/v1/tenant/configuration/:idTenantConfiguration","protocol":"https","host":["dev-app","mdoc","one"],"path":["api","tenantconfig","v1","tenant","configuration",":idTenantConfiguration"],"variable":[{"key":"idTenantConfiguration","value":"ba62701b-ef40-421d-bb01-66846fa363a0"}]}},"response":[]},{"name":"5-getTenantConfigurationById","id":"90ae76fd-1dbf-4703-83c7-f43c0d9daca6","protocolProfileBehavior":{"disableBodyPruning":true},"request":{"auth":{"type":"bearer","bearer":[{"key":"token","value":"{{ACCESS_TOKEN}}","type":"string"}]},"method":"GET","header":[],"url":{"raw":"https://dev-app.mdoc.one/api/tenantconfig/v1/tenant/:idTenant/configuration","protocol":"https","host":["dev-app","mdoc","one"],"path":["api","tenantconfig","v1","tenant",":idTenant","configuration"],"variable":[{"id":"c33eb0fa-8896-447d-b071-19be298b097a","key":"idTenant","value":"e8dffd86-ad25-473d-9014-37ce77cd864a"}]}},"response":[]}]}